twitter,15_c0,15_c1,15_c2,15_c3,15_c4,15_c5,15_c6,15_c7,15_c8,15_c9,15_c10,15_c11,15_c12,15_c13,15_c14
AustinScottGA08,3.12E-05,0.410640784,8.73E-05,0.027209117,2.63E-05,0.099185612,0.035748718,0.116040255,3.80E-04,0.26102833,1.68E-05,0.036272206,1.06E-04,0.013215476,1.11E-05
BennieGThompson,4.16E-05,0.246805837,0.257959861,1.85E-04,3.52E-05,0.162213223,0.108982584,0.10543399,0.013493002,9.80E-04,0.003268708,0.003947832,0.096601579,3.64E-05,1.49E-05
BettyMcCollum04,2.55E-05,0.158622473,0.095381079,0.021104,2.15E-05,0.311114793,0.06212279,1.00E-04,0.015912075,3.23E-05,1.38E-05,0.19246684,0.143051564,2.22E-05,9.11E-06
BillPascrell,0.00732959,0.153335442,0.015726853,0.038020745,0.056675706,0.220963214,0.28568115,0.006725824,0.003508656,3.96E-05,1.68E-05,0.001220883,0.210717103,2.72E-05,1.12E-05
BobbyScott,3.32E-05,0.287702764,0.140399765,5.17E-04,2.80E-05,0.267243348,0.040247593,0.011945484,0.001881452,0.00521125,0.127770976,0.005358579,0.111620293,2.90E-05,1.19E-05
boblatta,2.92E-05,0.445326814,0.001058361,0.045046624,0.008161774,0.12654433,0.078443076,0.074650536,3.11E-05,3.71E-05,1.58E-05,0.108878528,9.99E-05,0.11166646,1.04E-05
BradSherman,0.026288726,0.23183425,0.009540728,0.195493916,0.092802302,0.114057614,0.138640084,1.23E-04,3.35E-05,0.035749785,0.001067264,0.023285982,0.131043754,2.75E-05,1.12E-05
brianschatz,0.051957876,0.059001023,1.26E-04,0.06209549,3.78E-05,0.117197928,0.438268256,6.75E-04,0.034989214,5.68E-05,0.003518346,0.062152359,0.16986889,3.91E-05,1.60E-05
Call_Me_Dutch,3.15E-05,0.208173403,0.171055307,0.06039869,3.77E-04,0.293863237,0.113512567,0.025348173,3.35E-05,3.90E-04,1.70E-05,0.026805723,0.099955092,2.75E-05,1.12E-05
cathymcmorris,0.002992295,0.195918605,0.002216496,0.048704917,3.20E-05,0.247658014,0.118177811,0.312892843,4.04E-05,4.81E-05,2.05E-05,0.071122009,1.29E-04,3.31E-05,1.35E-05
chelliepingree,2.75E-05,0.212373557,0.086904347,0.001042839,2.33E-05,0.286802132,0.07271529,0.001642213,0.126741735,3.49E-05,1.49E-05,0.111529276,0.100114077,2.41E-05,9.85E-06
ChrisCoons,2.76E-05,0.219939428,0.020345375,0.174858059,2.33E-05,0.23086846,0.101034775,0.001950819,0.073117342,0.001570435,1.49E-05,0.091056839,0.085158785,2.41E-05,9.86E-06
ChrisMurphyCT,0.016995602,0.077385649,0.166151306,0.175281141,2.99E-05,0.15808014,0.298579944,0.006844242,0.031591552,8.34E-04,1.91E-05,0.019529025,0.04863502,3.09E-05,1.27E-05
ChrisVanHollen,2.37E-05,0.117782074,0.001914199,0.062401573,5.48E-04,0.45713532,0.173427644,9.31E-05,0.04727537,5.58E-04,0.003972304,0.001983161,0.132856475,2.07E-05,8.47E-06
ChuckGrassley,0.010379218,0.21771011,9.30E-05,0.0467046,2.80E-05,0.10929424,0.109374099,0.057402985,0.399835857,4.21E-05,0.002604422,0.015339077,0.022652942,0.007419,0.001120366
ConawayTX11,4.15E-05,0.284111012,1.16E-04,0.060220749,3.50E-05,0.161539005,0.096060493,0.118850343,0.002815079,0.007441702,2.24E-05,0.005316881,6.03E-04,0.262811324,1.48E-05
congbillposey,5.73E-05,0.384215277,1.61E-04,0.054486233,0.368185761,0.073237281,0.024247656,0.00405305,6.10E-05,7.27E-05,3.09E-05,0.090288027,8.34E-04,5.00E-05,2.05E-05
CongMikeSimpson,3.85E-05,0.445274362,5.37E-04,0.040525895,0.006901421,0.107664569,0.043361698,0.037500831,0.006909924,0.010352197,2.08E-05,0.117420288,0.00184892,0.181629412,1.38E-05
CongPalazzo,0.004027746,0.385058135,9.14E-05,0.014309471,2.75E-05,0.11251329,0.05629672,0.395283087,3.47E-05,0.021833001,1.76E-05,0.008176552,0.001927391,2.85E-05,3.75E-04
CongressmanGT,3.30E-05,0.485472924,0.018492892,0.008978962,0.004443971,0.074995291,0.055202523,0.086611065,3.52E-05,0.052666717,1.78E-05,0.068269796,1.13E-04,0.144655072,1.18E-05
CongressmanHice,0.113577547,0.428081789,7.40E-05,0.008648413,2.23E-05,0.135551936,0.098843776,0.173372147,3.22E-04,0.037687764,1.43E-05,1.51E-04,0.003620334,2.31E-05,9.44E-06
CongressmanJVD,0.029445999,0.22974665,0.017256063,2.73E-04,0.278180833,0.215114978,0.059455753,0.035775829,6.53E-05,7.78E-05,3.31E-05,0.131556329,0.002943098,5.36E-05,2.19E-05
CongressmanRaja,0.07997312,0.165499913,0.164599863,0.046849629,9.59E-04,0.267881129,0.173264313,0.014023865,4.42E-05,5.26E-05,2.24E-05,0.004857305,0.078687277,0.003270455,1.48E-05
CongressmanRuiz,2.70E-05,0.219087463,0.021407503,4.20E-04,0.062516215,0.358973231,0.085328942,0.002209067,2.87E-05,0.016859372,1.46E-05,0.178620929,0.054473478,2.36E-05,9.64E-06
daveloebsack,3.61E-05,0.425090818,0.001707938,0.03470745,3.05E-05,0.187112496,0.055437996,1.42E-04,0.194064996,0.027362121,1.95E-05,0.039573753,0.023422495,0.011279415,1.29E-05
davidcicilline,0.205070159,0.127651579,0.129260126,0.034995647,4.00E-05,0.108460993,0.241391752,1.86E-04,0.010591421,6.00E-05,2.56E-05,2.70E-04,0.141938404,4.13E-05,1.69E-05
DesJarlaisTN04,0.070972732,0.158007629,4.67E-04,0.097223669,2.83E-05,0.08467469,0.187803917,0.335786087,0.010863268,4.16E-04,3.91E-04,9.38E-04,0.038571058,0.001896096,0.011959642
DonaldNorcross,7.98E-04,0.216707645,0.129616482,9.17E-04,0.119997656,0.328495823,0.120734559,1.35E-04,0.002710998,0.016090279,1.85E-05,0.009365545,0.054370566,3.00E-05,1.23E-05
DorisMatsui,0.001482696,0.176989773,0.105589099,5.07E-04,0.093924214,0.438591398,0.02827943,8.53E-04,0.002209883,4.13E-05,1.76E-05,0.049490791,0.101983728,2.84E-05,1.16E-05
DrNealDunnFL2,3.36E-05,0.380122248,0.004582885,0.003141743,0.034068055,0.133461191,0.047133586,0.132175957,3.58E-05,0.261512327,1.81E-05,0.002436235,0.001236943,2.93E-05,1.20E-05
DrPhilRoe,3.30E-05,0.57274042,9.24E-05,0.016676395,2.79E-05,0.128487693,0.03416334,0.092329267,0.038604751,0.080119718,0.001487126,0.033615413,0.001582009,2.88E-05,1.18E-05
EleanorNorton,3.11E-05,0.203440245,0.260277425,4.85E-04,2.63E-05,0.31243215,0.109135966,8.15E-04,0.005230007,3.86E-04,0.009371172,0.04729604,0.051035667,2.72E-05,1.11E-05
FrankPallone,0.002378846,0.167161487,0.076249998,0.0155683,0.019486245,0.268689423,0.120792725,7.89E-04,0.00103868,3.82E-05,1.63E-05,0.095462929,0.232290457,2.63E-05,1.08E-05
GerryConnolly,0.110843533,0.216172347,0.064885481,0.040274262,2.79E-05,0.254675766,0.144312996,1.30E-04,3.52E-05,4.19E-05,0.032782406,1.89E-04,0.135588871,2.89E-05,1.18E-05
gillibrandny,2.73E-05,0.153211361,0.022303245,0.014127296,0.00672152,0.388749239,0.206739424,1.07E-04,0.035652608,6.44E-04,1.48E-05,0.049481001,0.122187594,2.39E-05,9.77E-06
GKButterfield,3.34E-05,0.241204072,0.102052837,1.48E-04,2.82E-05,0.324032427,0.085215765,0.003480212,3.56E-05,0.131398565,1.80E-05,0.002795657,0.109515627,2.92E-05,1.19E-05
GOPLeader,0.016823878,0.191291071,1.03E-04,0.052981349,3.10E-05,0.120289258,0.155589744,0.446026452,3.92E-05,4.66E-05,1.98E-05,2.10E-04,0.01650328,3.21E-05,1.31E-05
gracenapolitano,3.08E-05,0.165914034,0.107559769,0.013528245,0.051874205,0.370418582,0.069018003,1.21E-04,3.28E-05,3.91E-05,1.66E-05,0.054084477,0.167324271,2.69E-05,1.10E-05
GReschenthaler,4.06E-04,0.331129944,0.003817624,0.00908596,2.82E-05,0.109776553,0.11469812,0.107379889,7.80E-04,0.225338956,1.81E-05,0.089937229,0.002348588,0.005242672,1.20E-05
HerreraBeutler,2.74E-05,0.330505692,7.69E-05,1.22E-04,0.013473284,0.214525655,0.070308766,0.012335137,2.92E-05,6.46E-04,1.48E-05,0.357501653,3.99E-04,2.40E-05,9.81E-06
HurdOnTheHill,0.001650735,0.351306145,8.16E-05,0.243695677,2.46E-05,0.221768046,0.088865872,0.036762794,3.10E-05,6.86E-04,1.57E-05,0.030004027,0.001396786,0.004241623,0.019469768
Ilhan,0.007262868,0.088563753,0.112059807,0.027715254,3.42E-05,0.229665068,0.247367072,0.014152415,0.025321344,0.00546816,0.006792823,0.00519688,0.230350447,3.54E-05,1.45E-05
JacksonLeeTX18,0.108375476,0.114623491,0.233320957,0.07583642,3.14E-05,0.085508077,0.23239177,9.73E-04,3.95E-05,4.61E-04,0.003741592,0.006414667,0.135343035,3.24E-05,0.00290781
jahimes,0.214293465,0.124169063,0.027759097,0.062761749,3.95E-05,0.116135464,0.341962977,0.015822218,0.015167011,5.94E-05,2.53E-05,0.028937846,0.052809341,4.09E-05,1.67E-05
janschakowsky,0.004444184,0.115494708,0.150781136,1.60E-04,3.04E-05,0.362990585,0.077345696,0.018575572,3.83E-05,4.56E-05,0.001622409,0.024250272,0.244176916,3.14E-05,1.29E-05
JeffFortenberry,2.85E-05,0.340127143,7.98E-05,0.178406281,0.00319629,0.132532388,0.101830251,0.04166814,0.002568125,3.61E-05,0.102478632,0.060117984,0.006759016,0.030161124,1.02E-05
JerryMoran,0.001030154,0.358811011,8.39E-05,0.066147332,2.53E-05,0.209308184,0.042677437,0.025789773,0.017702381,3.80E-05,6.83E-04,0.108194424,1.02E-04,0.169396192,1.07E-05
JimInhofe,2.94E-05,0.313697147,8.25E-05,0.179395691,2.48E-05,0.163137131,0.083243346,0.144969472,0.011829398,0.004297733,1.59E-05,0.025075103,0.002066882,0.072124939,1.05E-05
JimLangevin,3.02E-05,0.306352577,0.06867103,0.018289369,2.55E-05,0.296800488,0.056820675,7.91E-04,0.059877167,3.83E-05,0.003714586,0.088258927,0.100293112,2.64E-05,1.08E-05
JimPressOffice,0.014915507,0.310407112,0.028379639,0.001189173,3.76E-05,0.163971787,0.066921743,0.156815923,0.190396162,0.006500552,2.40E-05,0.059242535,0.001143471,3.89E-05,1.59E-05
Jim_Jordan,0.402570667,0.070725313,0.001777188,0.008108755,3.17E-05,0.059685434,0.207747457,0.228374873,0.002129969,4.76E-05,2.03E-05,2.14E-04,0.018520194,3.28E-05,1.34E-05
JoaquinCastrotx,0.124966006,0.128890397,0.185345476,0.069097294,0.00304815,0.040402542,0.134837316,1.52E-04,4.72E-04,4.91E-05,2.09E-05,0.035976014,0.268941295,3.38E-05,0.007767939
JohnBoozman,2.95E-04,0.537005128,0.001152413,0.022876384,2.06E-05,0.15552563,0.035508848,0.018798041,0.013036344,3.09E-05,0.010313058,0.071967401,8.32E-05,0.13337809,8.70E-06
JohnCornyn,0.04641437,0.205928858,0.003431356,0.163436741,3.59E-05,0.021666281,0.198265609,0.225401674,0.04594395,0.001473436,2.29E-05,0.01017953,0.054561147,3.71E-05,0.023201131
JudgeCarter,3.36E-05,0.527679573,4.68E-04,0.051002672,2.84E-05,0.10050609,0.074412318,0.190084549,3.58E-05,0.036687008,3.92E-04,0.018513999,1.15E-04,2.93E-05,1.20E-05
justinamash,0.225362371,0.119083044,5.12E-04,0.103215906,3.10E-05,0.109509259,0.334923293,0.046763271,3.91E-05,4.66E-05,1.98E-05,0.016976266,0.043473039,3.21E-05,1.31E-05
KenCalvert,3.13E-05,0.212713298,8.76E-05,0.029721053,0.059538811,0.196560982,0.136079699,0.253833552,3.33E-05,3.96E-05,1.69E-05,0.109110601,0.002194923,2.73E-05,1.12E-05
KYComer,0.062408437,0.557849411,6.29E-04,2.01E-04,0.011605516,0.007940468,0.063874357,0.019288633,0.024691648,0.01011587,0.00153317,7.61E-04,0.001663078,0.23742223,1.61E-05
LacyClayMO1,0.301761932,0.050202886,0.224296414,0.013069278,4.63E-05,0.086596303,0.203990978,0.008765719,5.84E-05,6.96E-05,2.96E-05,0.001534741,0.108899636,6.59E-04,1.96E-05
LeaderHoyer,2.48E-05,0.2179545,0.287375878,0.012830335,2.10E-05,0.234432096,0.068855221,0.044064475,2.64E-05,3.15E-05,1.34E-05,0.022540107,0.111799693,2.17E-05,8.88E-06
LindseyGrahamSC,0.215074285,0.131035419,5.48E-04,0.170976433,3.32E-05,0.033629728,0.151095806,0.209058016,0.009238896,4.99E-05,2.12E-05,6.63E-04,0.078527956,3.43E-05,1.41E-05
lisamurkowski,2.36E-05,0.298524691,0.001382251,0.01510758,2.00E-05,0.144969134,0.04843054,9.28E-05,0.005026026,3.00E-05,1.28E-05,0.486007627,8.07E-05,2.84E-04,8.45E-06
MacTXPress,0.016254103,0.310401418,0.001014099,0.335262052,0.001835667,0.09448441,0.056299491,0.108700244,4.93E-04,5.13E-05,2.18E-05,0.056978822,1.38E-04,0.018050494,1.45E-05
marcorubio,2.95E-05,0.145718087,8.26E-05,0.238620586,2.49E-05,0.049465594,0.229633945,0.031280056,3.59E-04,3.74E-05,1.59E-05,0.002792628,0.009613983,2.57E-05,0.292299836
MarioDB,3.54E-04,0.097488013,8.17E-05,0.024160614,2.46E-05,0.051565572,0.044491393,0.030640414,3.11E-05,3.70E-05,1.57E-05,1.67E-04,0.004321296,2.55E-05,0.746596641
MarkAmodeiNV2,0.00995776,0.586562033,0.001916584,0.003786138,3.42E-05,0.098175879,0.022541332,0.065072045,4.31E-05,0.034761827,2.19E-05,0.044408196,1.38E-04,0.007247914,0.125332858
MarkWarner,0.030716936,0.1120677,0.005849486,0.051546205,2.91E-05,0.442513887,0.161468392,0.006271712,0.047211017,4.37E-05,0.067136557,0.006333215,0.068769749,3.01E-05,1.23E-05
MarshaBlackburn,3.36E-05,0.41334899,9.42E-05,0.03384019,2.84E-05,0.126448601,0.043051105,0.171580889,0.136670851,0.00116566,1.81E-05,0.069071043,0.00423261,4.04E-04,1.20E-05
MartinHeinrich,3.18E-05,0.091419162,8.91E-05,0.012533497,2.68E-05,0.384084325,0.06939812,0.001541079,3.88E-04,4.03E-05,1.72E-05,0.220763356,0.219274119,3.82E-04,1.14E-05
maziehirono,2.84E-05,0.117920928,7.97E-05,0.051451517,2.40E-05,0.262578142,0.172035616,0.009933167,0.081770291,6.70E-04,0.017757373,0.020122266,0.265593763,2.48E-05,1.02E-05
michaelcburgess,2.60E-05,0.297043123,7.29E-05,0.073709999,0.008424479,0.267660052,0.0672214,0.217408441,0.006691768,0.005248349,1.40E-05,0.027963816,0.028483576,2.27E-05,9.30E-06
MikeCrapo,3.45E-05,0.409549167,9.67E-05,0.072752033,2.91E-05,0.098253582,0.051858019,0.028944459,0.019242759,4.37E-05,1.86E-05,0.135791559,5.02E-04,0.182871482,1.23E-05
MikeKellyPA,2.94E-05,0.30241711,8.23E-05,0.022684226,2.48E-05,0.181341949,0.094792877,0.326328358,3.13E-05,3.72E-05,1.58E-05,0.024682666,0.00598388,0.041537719,1.05E-05
NitaLowey,3.43E-05,0.126776852,0.298147866,0.025721368,2.89E-05,0.288430373,0.080143715,0.01807108,3.65E-05,8.07E-04,1.85E-05,0.060493037,0.101248618,2.99E-05,1.23E-05
NormaJTorres,0.005900459,0.137828552,0.069829848,0.01567455,0.008312471,0.392490053,0.156750604,0.006681703,3.30E-05,7.30E-04,3.62E-04,0.01640441,0.169974914,2.71E-05,0.019000504
NydiaVelazquez,3.00E-05,0.134942403,0.223430228,4.67E-04,3.59E-04,0.220270921,0.160249925,4.52E-04,0.001033478,3.80E-05,1.62E-05,0.080629287,0.15901542,2.62E-05,0.019040215
PatrickMcHenry,3.18E-05,0.497528604,0.001506424,0.010770805,2.69E-05,0.134210312,0.034370141,0.083743185,3.39E-05,0.228927655,1.72E-05,0.008685284,1.09E-04,2.78E-05,1.14E-05
PattyMurray,2.39E-05,0.052679761,0.00245901,6.38E-04,2.02E-05,0.456307517,0.10206509,6.25E-04,0.131060554,3.03E-05,1.29E-05,0.112566068,0.141216748,2.87E-04,8.53E-06
PeterWelch,0.004017532,0.219247471,0.011683902,0.048689114,2.75E-05,0.235038495,0.113755356,0.00157681,0.174650204,0.002939441,1.76E-05,0.060685394,0.127631216,2.84E-05,1.16E-05
RandPaul,0.122394851,0.169956536,9.97E-05,0.193398557,3.00E-05,0.157122174,0.285506823,0.061913228,0.001225822,0.002025021,1.92E-05,0.004558936,0.00170542,3.10E-05,1.27E-05
RepAbraham,2.72E-05,0.384099691,6.81E-04,0.06579176,0.003654523,0.139146421,0.148290771,0.196211847,2.89E-05,0.012744985,1.47E-05,0.010142058,0.005237575,0.033918447,9.71E-06
RepAdams,4.70E-05,0.250058706,0.450363068,0.004914885,3.96E-05,0.069960233,0.016212807,1.84E-04,0.005802092,0.173145056,0.018850359,7.91E-04,0.009572926,4.10E-05,1.68E-05
RepAdamSchiff,0.081468999,0.080494119,0.001817298,0.145701262,1.90E-05,0.155823044,0.292206112,8.83E-05,2.40E-05,2.85E-05,1.21E-05,0.00739607,0.234893396,1.96E-05,8.04E-06
RepAdamSmith,2.74E-05,0.241424951,0.090588229,0.056196077,2.31E-05,0.315049763,0.04845706,4.12E-04,3.34E-04,3.47E-05,1.48E-05,0.057754561,0.189649641,2.39E-05,9.78E-06
RepAdrianSmith,3.20E-05,0.479170694,8.96E-05,0.009047316,2.70E-05,0.10393733,0.019593055,0.073148191,3.41E-05,4.06E-05,0.165297714,0.023336212,0.01970071,0.106534078,1.14E-05
RepAGonzalez,0.008367562,0.440566264,1.61E-04,0.003451261,6.88E-04,0.289441959,0.06200951,0.053921799,6.11E-05,7.28E-05,3.10E-05,0.027815333,1.96E-04,0.113196182,2.05E-05
RepAlexMooney,3.45E-05,0.500776893,9.66E-05,0.036986203,2.91E-05,0.090466921,0.042973726,0.16665168,3.67E-05,0.014239796,0.13699178,0.010556107,1.18E-04,3.01E-05,1.23E-05
RepAlGreen,0.012579786,0.199591211,0.04095183,0.094742791,2.44E-05,0.192700692,0.147072138,1.13E-04,6.74E-04,0.03318387,1.56E-05,1.65E-04,0.278149188,2.52E-05,1.03E-05
RepAlLawsonJr,2.80E-05,0.4124978,0.043131536,0.008235912,0.012502793,0.248268836,0.051477865,1.10E-04,2.98E-05,0.205941304,1.51E-05,0.012639154,0.005087364,2.45E-05,1.00E-05
RepAmata,0.001211043,0.490406981,9.86E-05,0.048758107,2.97E-05,0.077523058,0.008624673,0.01424836,3.75E-05,0.018858209,0.238324245,0.101715932,1.20E-04,3.07E-05,1.26E-05
RepAndreCarson,3.01E-05,0.309682104,0.056377997,0.030961177,0.013428662,0.319596743,0.117950172,1.18E-04,3.20E-05,7.08E-04,1.62E-05,0.001847272,0.096941316,0.052298968,1.08E-05
RepAndyBarr,0.007451818,0.526658412,8.49E-05,0.006881435,0.001037605,0.127106607,0.022266117,0.162043148,3.23E-05,0.075603054,1.64E-05,0.025811026,0.002464885,0.042531557,1.08E-05
RepAndyBiggsAZ,0.217174706,0.336302033,8.54E-05,0.00624255,2.57E-05,0.09662526,0.094662863,0.230156795,3.24E-05,0.00648511,1.64E-05,0.012049099,1.04E-04,2.66E-05,1.09E-05
RepAndyHarrisMD,0.020062064,0.471998182,0.002462069,0.054118864,2.57E-05,0.138791137,0.055682542,0.149507733,0.001051023,0.060812436,1.65E-05,0.042953443,1.04E-04,0.001724212,6.90E-04
RepAndyKimNJ,5.24E-05,0.353226021,0.102869636,2.33E-04,0.030977812,0.451039535,0.058367862,7.89E-04,0.00180677,6.65E-05,2.83E-05,2.99E-04,1.79E-04,4.58E-05,1.87E-05
RepAndyLevin,3.52E-05,0.175210978,0.07728238,0.045212841,2.97E-05,0.401899649,0.135171353,0.006015064,3.75E-05,4.46E-05,1.90E-05,0.024884093,0.134114376,3.07E-05,1.26E-05
RepAngieCraig,3.36E-05,0.388580334,0.033747141,1.49E-04,0.0123678,0.496864136,0.013836843,1.32E-04,0.041167253,0.001538275,1.81E-05,0.008044164,1.15E-04,0.003394622,1.20E-05
RepAnnaEshoo,2.92E-05,0.170562981,0.044333275,0.024207782,0.004905339,0.259257331,0.132104903,0.002392356,3.11E-05,0.001338568,0.002944175,0.143333157,0.214523844,2.55E-05,1.04E-05
RepAnnieKuster,2.50E-05,0.191135702,0.072107494,1.11E-04,2.11E-05,0.458867312,0.028093111,3.76E-04,3.05E-04,3.10E-04,1.35E-05,0.163130979,0.085473406,2.18E-05,8.93E-06
RepAnnWagner,3.44E-04,0.408864683,0.001027265,0.080369945,2.40E-05,0.237821571,0.053707986,0.164706148,3.02E-05,0.018043468,1.53E-05,0.03364965,0.001360602,2.48E-05,1.01E-05
RepAOC,3.32E-04,0.193082104,0.171080876,0.001475786,2.80E-04,0.254442452,0.229349498,0.001304042,0.048439603,4.21E-04,1.79E-04,0.001897198,0.097306511,2.90E-04,1.19E-04
RepArmstrongND,0.025602152,0.340298559,0.00332827,0.001809556,4.04E-05,0.175573503,0.070809264,0.132750869,5.09E-05,6.06E-05,2.58E-05,0.036475055,1.63E-04,0.21299464,1.71E-05
RepArrington,3.44E-05,0.243918221,9.63E-05,0.042643211,2.90E-05,0.176771294,0.095318234,0.365706233,8.02E-04,0.001191987,1.86E-05,0.020101791,1.17E-04,0.053238818,1.23E-05
RepBalderson,4.79E-05,0.501079146,1.34E-04,0.002877384,0.012298253,0.259966701,0.025051064,0.085459844,5.84E-04,6.07E-05,5.59E-04,0.001872203,1.63E-04,0.109829428,1.71E-05
RepBarbaraLee,3.00E-05,0.097819645,0.242297943,0.011810093,2.53E-05,0.343232705,0.108097017,1.18E-04,6.99E-04,0.002039764,1.62E-05,0.009179078,0.184598678,2.62E-05,1.07E-05
RepBarragan,0.005440612,0.157641042,0.15393907,1.35E-04,7.02E-04,0.289376817,0.072701771,1.19E-04,3.23E-05,0.001391072,1.64E-05,0.006598106,0.264191548,2.65E-05,0.04768868
RepBeatty,5.70E-04,0.152876099,0.440658074,0.032123363,3.97E-05,0.144813079,0.116150677,0.022681641,5.00E-05,5.96E-05,2.54E-05,2.68E-04,0.037830222,0.051836883,1.68E-05
RepBenCline,0.001989616,0.510496367,0.015472614,0.007996364,7.22E-05,0.08262813,0.074265323,0.182179856,9.10E-05,1.08E-04,0.115245888,0.007152768,0.002196203,7.46E-05,3.06E-05
RepBenMcAdams,0.335400281,0.287533753,0.016846811,1.55E-04,2.95E-05,0.228558049,0.069723481,0.005979921,3.72E-05,4.44E-05,1.89E-05,0.055509738,1.19E-04,3.05E-05,1.25E-05
repbenraylujan,2.75E-05,0.199794361,0.097029067,1.22E-04,2.33E-05,0.324539722,0.034670891,1.08E-04,2.93E-05,3.49E-05,1.49E-05,0.124722092,0.21884942,2.41E-05,9.85E-06
RepBera,2.96E-05,0.290791421,0.011962862,4.62E-04,0.044574336,0.532871984,0.08019027,1.16E-04,3.16E-05,3.76E-05,1.60E-05,0.014029043,0.02452086,3.56E-04,1.06E-05
RepBillFlores,4.08E-05,0.269226303,0.002837341,0.062359135,3.44E-05,0.067982141,0.127535163,0.424060044,4.34E-05,5.17E-05,2.20E-05,0.009763728,0.002408506,3.56E-05,0.033599797
RepBillFoster,3.10E-05,0.21408189,0.03811837,0.063754041,2.62E-05,0.391995632,0.069149508,0.001504848,3.79E-04,0.001768073,1.68E-05,0.047543666,0.171592941,2.71E-05,1.11E-05
RepBillJohnson,0.009888189,0.503359748,9.92E-05,0.026562748,0.007912123,0.084650701,0.069759623,0.129013574,3.77E-05,4.49E-05,0.066229925,0.038431009,1.21E-04,0.063877049,1.27E-05
RepBlaine,3.13E-05,0.540233643,8.76E-05,0.024517731,2.64E-05,0.142368042,0.035524951,0.149529873,3.33E-05,0.066210636,1.69E-05,0.031174506,1.07E-04,0.010127087,1.12E-05
repblumenauer,3.05E-05,0.122211384,0.064210792,0.001153232,0.022418726,0.358216212,0.174056226,0.001816054,3.24E-05,3.78E-04,1.64E-05,0.057513674,0.193498176,0.004437345,1.09E-05
RepBobbyRush,8.16E-04,0.12149832,0.138306636,0.030218045,2.96E-05,0.348171296,0.13547723,1.38E-04,0.001989431,4.45E-05,1.89E-05,0.031043363,0.192206004,3.06E-05,1.25E-05
RepBobGibbs,0.012494324,0.347771839,0.001655403,0.00288083,2.95E-05,0.107379627,0.05256471,0.236475804,3.72E-05,4.43E-05,1.89E-05,0.075345235,1.19E-04,0.16317031,1.25E-05
RepBonamici,2.86E-05,0.157789837,0.153664094,1.27E-04,0.035393068,0.301046261,0.040787219,1.12E-04,3.05E-05,3.63E-05,1.54E-05,0.19102808,0.119905945,2.50E-05,1.02E-05
RepBonnie,3.49E-05,0.160117985,0.188494852,0.002874116,0.014790463,0.241532236,0.213647962,0.026939832,0.005863861,4.42E-05,1.88E-05,0.004083714,0.141514103,3.05E-05,1.25E-05
RepBost,3.34E-05,0.313766271,9.36E-05,0.007590742,2.82E-05,0.193420468,0.092658042,0.166838189,3.56E-05,4.14E-04,1.80E-05,0.065310782,1.14E-04,0.159666014,1.19E-05
RepBradWenstrup,0.004389651,0.38917799,9.96E-05,0.090406717,0.003592465,0.137664407,0.103708747,0.22655318,3.79E-05,4.51E-05,1.92E-05,0.003765475,1.21E-04,0.040405495,1.27E-05
RepBrendanBoyle,0.067929496,0.133764688,0.046965912,0.075985479,3.99E-05,0.185643956,0.361514818,0.011762334,0.012679577,0.003217243,0.012654765,0.011846718,0.075936963,4.13E-05,1.69E-05
RepBrianBabin,0.001143886,0.254856103,0.002867315,0.105555824,0.004496294,0.164400264,0.123066161,0.299370035,2.67E-05,3.19E-05,1.36E-05,0.039859852,0.004281198,2.19E-05,8.98E-06
RepBrianFitz,2.89E-05,0.353553355,0.035526662,0.11871011,2.44E-05,0.224205618,0.117616317,0.022347642,3.08E-05,3.67E-05,0.006782503,0.120357984,7.43E-04,2.53E-05,1.03E-05
RepBrianHiggins,3.37E-05,0.382963464,0.086892624,1.50E-04,2.85E-05,0.269708427,0.048097609,0.002762714,3.59E-05,4.28E-05,0.127021445,0.032131406,0.045956675,0.004162703,1.21E-05
RepBrianMast,2.90E-05,0.216841312,7.27E-04,0.002390353,0.2474925,0.22155443,0.116304972,0.027251379,0.00100009,3.68E-05,1.57E-05,0.166221256,9.91E-05,2.53E-05,1.04E-05
RepBrindisi,2.79E-05,0.38800996,7.83E-05,1.24E-04,0.13846528,0.381348814,0.044178316,4.21E-04,2.98E-05,3.54E-05,1.51E-05,0.046825306,4.07E-04,2.44E-05,9.99E-06
RepBrownley,2.89E-05,0.296613787,0.044885867,0.002707296,0.090600949,0.418969032,0.056410326,1.14E-04,3.08E-05,3.59E-04,1.56E-05,0.073013339,0.016215703,2.53E-05,1.03E-05
RepBryanSteil,4.61E-05,0.586328197,1.29E-04,0.001232553,3.90E-05,0.245479237,0.019526068,0.045907757,4.91E-05,5.85E-05,0.095588415,0.005401345,1.58E-04,4.03E-05,1.65E-05
RepBuddyCarter,3.02E-05,0.542062634,8.47E-05,1.34E-04,2.55E-05,0.129792411,0.020187583,0.098693822,0.002723646,0.1406678,1.63E-05,0.064095053,0.001448948,2.64E-05,1.08E-05
RepByrne,3.24E-05,0.358899238,0.017436053,0.016405219,2.74E-05,0.143382108,0.114551682,0.199596227,0.002202696,0.023167974,0.110592631,0.013555536,1.11E-04,2.83E-05,1.16E-05
RepCarbajal,2.90E-04,0.168609605,0.068127581,0.012335726,0.073929799,0.363111265,0.103953259,9.37E-05,2.54E-05,3.03E-05,1.29E-05,0.12907944,0.075586374,2.08E-05,0.004794051
RepCardenas,4.23E-04,0.168336883,0.088879635,5.42E-04,0.01127254,0.334886132,0.102353148,0.005564405,3.71E-05,0.006247267,1.88E-05,1.99E-04,0.264138979,3.04E-05,0.017071009
RepCarolMiller,0.025662634,0.425786982,1.84E-04,0.001023131,7.87E-04,0.214859767,0.038764449,0.205764888,6.99E-05,8.33E-05,0.059274143,0.026703416,9.56E-04,5.73E-05,2.35E-05
RepCartwright,3.39E-05,0.288498796,0.070975429,0.028427239,2.86E-05,0.326046164,0.061079638,0.003903161,3.61E-05,0.076955874,1.83E-05,0.089925138,0.054030124,2.96E-05,1.21E-05
RepCasten,3.27E-05,0.258327634,0.145064092,5.10E-04,0.001120376,0.363082505,0.086693713,1.28E-04,3.48E-05,4.15E-05,7.46E-04,0.080686592,0.063491651,2.86E-05,1.17E-05
RepCharlieCrist,3.03E-05,0.298443842,0.038944926,0.029533171,0.134852542,0.337164765,0.040213077,4.57E-04,3.23E-05,0.022678593,1.64E-05,0.054915075,0.034232785,2.65E-05,0.00845865
RepCheri,6.28E-04,0.363494318,0.049634815,0.002222349,2.28E-05,0.418937202,0.072688237,1.06E-04,0.008739133,3.42E-05,1.46E-05,0.011868056,0.009102913,0.062498214,9.64E-06
RepChipRoy,0.226448475,0.270688264,9.76E-05,0.094364476,2.94E-05,0.057296779,0.138796443,0.194759384,3.71E-05,4.42E-05,4.06E-04,0.003688103,0.013300555,3.04E-05,1.24E-05
RepChrisCollins,2.83E-05,0.575259874,7.94E-05,0.01243125,2.39E-05,0.098060631,0.035339918,0.078991773,3.02E-05,0.012656819,0.033145121,0.142777843,9.68E-05,0.011068014,1.01E-05
RepChrisPappas,2.50E-05,0.328893914,0.027682559,3.90E-04,2.11E-05,0.324316606,0.049647753,6.56E-04,2.67E-05,3.18E-05,1.35E-05,0.193708557,0.074555289,2.19E-05,8.95E-06
RepChrisSmith,4.85E-04,0.393441083,0.00589657,0.093620936,0.163337211,0.154309957,0.076536624,0.021070396,4.26E-05,0.00806011,2.16E-05,0.080322573,0.002806319,3.49E-05,1.43E-05
RepChrisStewart,0.225837445,0.357908078,1.04E-04,0.070906699,0.004966716,0.107672061,0.097889892,0.050322893,3.93E-05,4.68E-05,1.99E-05,0.082469795,0.001771354,3.22E-05,1.32E-05
RepChuck,7.17E-04,0.390893275,0.001458869,0.022097204,2.60E-05,0.144041888,0.094362238,0.295212535,0.031600748,3.91E-05,1.66E-05,0.016646221,0.002850303,2.69E-05,1.10E-05
RepChuyGarcia,4.28E-05,0.19548681,0.05254208,1.90E-04,3.61E-05,0.384010562,0.043369586,1.68E-04,4.56E-05,0.002437099,5.00E-04,7.21E-04,0.188389376,3.74E-05,0.132023804
RepCindyAxne,3.38E-05,0.369280543,9.48E-05,0.002787492,4.05E-04,0.419232044,0.021475903,0.00540718,0.150355335,4.29E-05,1.83E-05,0.030709182,1.16E-04,2.95E-05,1.21E-05
RepClayHiggins,0.01500791,0.239626019,5.06E-04,0.06247557,3.07E-05,0.080032555,0.078096823,0.472758903,3.87E-05,0.019064031,1.96E-05,0.028532145,0.00376587,3.17E-05,1.30E-05
repcleaver,3.25E-05,0.182097723,0.090199101,0.004848818,2.74E-05,0.309692416,0.141134712,0.035591785,3.46E-05,4.12E-05,1.75E-05,0.036011696,0.136539645,0.063719192,1.16E-05
RepCloudTX,0.005607452,0.459587086,3.45E-04,0.055390413,1.04E-04,0.136818366,0.076786978,0.218485809,1.31E-04,0.039917598,6.65E-05,7.03E-04,4.21E-04,0.005591841,4.40E-05
RepCohen,0.100917245,0.101300711,0.157289792,0.030887415,2.62E-05,0.170604276,0.229414078,0.001158308,0.024909095,3.85E-04,1.67E-05,0.033690783,0.149362321,2.71E-05,1.11E-05
RepColinAllred,3.78E-05,0.330001807,0.082164531,0.084751408,3.19E-05,0.471222082,0.0244091,0.006460559,4.02E-05,4.79E-05,2.04E-05,2.16E-04,5.50E-04,3.30E-05,1.35E-05
RepConorLamb,3.48E-05,0.589830596,4.86E-04,0.002482775,4.17E-04,0.2323272,0.020177532,1.37E-04,3.71E-05,0.106354947,0.008166714,0.031238644,0.008266935,3.04E-05,1.25E-05
RepCuellar,2.77E-05,0.464231142,0.003778634,0.045768962,0.004032823,0.11805896,0.01727283,0.09170897,2.95E-05,0.012063439,1.50E-05,0.075412258,0.038338487,0.016678771,0.112582584
RepCummings,0.045953974,0.239367056,0.278849715,0.011264815,2.72E-05,0.30020935,0.067090455,0.009813102,3.43E-05,7.58E-04,1.74E-05,0.011664452,0.034910145,2.81E-05,1.15E-05
RepCunningham,3.50E-05,0.280679758,0.132398658,5.46E-04,0.119841499,0.253590851,0.109276482,5.28E-04,4.28E-04,0.018777252,0.018751726,0.062642859,0.002461327,3.06E-05,1.25E-05
RepDanCrenshaw,0.005961134,0.194694411,0.008198273,0.057193001,4.08E-05,0.226187818,0.204265126,0.288844921,5.14E-05,0.003823951,2.61E-05,0.004575971,0.006077772,4.21E-05,1.73E-05
RepDanKildee,0.011687444,0.180924856,0.088348023,0.016453439,2.53E-05,0.42259849,0.057623054,0.008777308,3.19E-05,3.71E-04,1.61E-05,0.126072227,0.087034094,2.61E-05,1.07E-05
RepDannyDavis,0.023262235,0.19499541,0.092990897,0.007233504,4.09E-05,0.214208169,0.219183541,0.037980166,0.016247272,0.027054226,0.024859496,0.037526882,0.104357609,4.23E-05,1.73E-05
RepDarrenSoto,3.54E-05,0.221042775,0.090457785,0.001341164,0.030017888,0.191681691,0.058794001,5.34E-04,3.77E-05,0.004385301,1.91E-05,0.068859049,0.105473521,3.09E-05,0.22728991
RepDaveJoyce,2.94E-05,0.361489462,0.004007279,0.029240679,0.008201817,0.258978697,0.069015513,0.037402509,0.002320843,3.72E-05,1.59E-05,0.115627242,1.00E-04,0.113522641,1.05E-05
RepDavid,3.46E-05,0.579675519,9.69E-05,0.009390183,2.92E-05,0.156941321,0.048109213,0.031694175,0.001576243,0.147060226,1.87E-05,0.024058697,8.88E-04,4.15E-04,1.24E-05
RepDavidEPrice,2.80E-05,0.20509612,0.09869449,0.022281894,2.37E-05,0.302959581,0.103298514,0.011968902,2.98E-05,0.052152201,1.51E-05,0.0229416,0.180475555,2.45E-05,1.00E-05
RepDavidKustoff,2.72E-05,0.569566697,7.63E-05,0.039219541,0.004872422,0.114503908,0.033341285,0.087396784,0.109444487,0.012764299,1.47E-05,0.014097599,9.30E-05,0.014572086,9.73E-06
RepDavidRouzer,3.06E-05,0.368767702,8.57E-05,1.36E-04,2.58E-05,0.087081368,0.038131162,0.062761526,3.26E-05,0.401761461,1.65E-05,0.040346884,7.85E-04,2.67E-05,1.09E-05
RepDavids,3.57E-05,0.486874779,0.047466185,1.59E-04,3.02E-05,0.256249534,0.038213055,5.38E-04,3.81E-05,4.53E-05,1.93E-05,0.009756965,0.00131621,0.159244717,1.28E-05
repdavidscott,3.17E-05,0.438817019,0.033594324,0.007194519,2.67E-05,0.22388365,0.034212555,4.77E-04,0.00391332,0.230346859,1.71E-05,0.007587391,0.019858849,2.77E-05,1.13E-05
RepDavidTrone,3.89E-05,0.195030973,0.157797435,0.050425194,3.28E-05,0.388497656,0.098340629,0.022246434,0.002207477,4.93E-05,0.00825199,0.031413312,0.045619944,3.40E-05,1.39E-05
RepDean,3.57E-05,0.127247689,0.374849201,1.59E-04,3.01E-05,0.218883901,0.164923247,1.40E-04,4.35E-04,8.40E-04,1.93E-05,0.019676481,0.09271636,3.12E-05,1.28E-05
RepDeanPhillips,5.17E-05,0.208598354,0.201141317,0.003685305,4.37E-05,0.331032651,0.176810331,0.036486054,0.031154802,6.56E-05,6.04E-04,0.001447236,0.008815494,4.52E-05,1.85E-05
RepDebDingell,0.026961562,0.246026389,0.042297775,0.010609031,0.002441708,0.411432705,0.132217977,0.002552916,0.005262777,4.58E-05,1.95E-05,0.067318878,0.052366749,4.33E-04,1.29E-05
RepDebHaaland,5.30E-04,0.233034143,0.228196433,0.001652918,5.23E-04,0.175937214,0.073919606,1.71E-04,4.65E-05,5.54E-05,0.003427665,0.134954144,0.136312801,0.00344222,0.007796389
RepDelBene,2.75E-05,0.262127381,0.062532085,0.003795974,2.32E-05,0.410791425,0.072559457,1.08E-04,2.93E-05,3.49E-05,1.48E-05,0.125679413,0.06224281,2.40E-05,9.83E-06
repdelgado,2.49E-05,0.448641045,0.005884685,3.87E-04,0.109675291,0.28958382,0.067566029,9.76E-05,2.65E-05,3.15E-05,1.34E-05,0.064383937,0.009222807,0.004452188,8.89E-06
RepDennyHeck,0.001771996,0.245513174,0.106272457,0.029383254,2.64E-05,0.389851016,0.089475373,0.002559767,3.33E-05,3.96E-05,1.69E-05,0.064237621,0.070780652,2.73E-05,1.12E-05
RepDerekKilmer,0.003516404,0.367051705,0.069092888,1.39E-04,0.006299624,0.270719335,0.093402544,0.004304999,3.33E-05,3.97E-05,0.063794414,0.116929949,0.00115245,0.003512436,1.12E-05
RepDeSaulnier,0.048400553,0.211108637,0.200855343,0.004770481,2.51E-05,0.205671476,0.112314541,0.012043849,3.17E-05,3.77E-05,1.61E-05,0.012096977,0.192590935,2.60E-05,1.06E-05
RepDevinNunes,0.525994497,0.246504936,2.26E-04,0.062389536,0.036028081,0.030375725,0.054842967,0.013801908,8.60E-05,1.02E-04,4.36E-05,0.015744067,0.011962768,0.001868484,2.89E-05
RepDianaDeGette,8.73E-04,0.146934549,0.026622132,0.006891686,2.14E-05,0.378716387,0.120610843,0.004053991,2.70E-05,3.22E-05,0.003403189,0.082622604,0.229160072,2.21E-05,9.07E-06
repdinatitus,3.27E-05,0.313943885,0.059443143,1.45E-04,0.012043559,0.211112386,0.080107992,1.28E-04,3.48E-05,4.15E-05,1.77E-05,0.043881123,0.093326347,2.85E-05,0.185712734
RepDLamborn,3.24E-05,0.25085116,9.07E-05,0.133099979,2.73E-05,0.174676523,0.117104004,0.262076005,3.45E-05,4.01E-04,1.75E-05,0.061438351,1.11E-04,2.83E-05,1.16E-05
RepDLesko,0.134742091,0.377465786,0.044304478,1.37E-04,2.60E-05,0.129839914,0.055188639,0.218469716,3.28E-05,0.012379005,1.66E-05,0.025541301,0.001819042,2.69E-05,1.10E-05
RepDMP,2.79E-05,0.163703311,0.212874058,4.35E-04,0.001890218,0.237307235,0.098310573,0.005087358,2.98E-05,3.54E-05,1.51E-05,0.027536801,0.080671616,2.44E-05,0.17205101
RepDonaldPayne,3.18E-05,0.256676082,0.076539785,0.004034537,0.035420686,0.297941328,0.09698076,0.056754939,0.014191387,4.03E-05,1.72E-05,5.35E-04,0.160796658,2.78E-05,1.14E-05
RepDonBacon,3.57E-05,0.292517867,1.00E-04,0.084906204,8.26E-04,0.150312722,0.181830871,0.107168753,3.80E-05,4.53E-05,0.146039561,0.034819233,0.001315687,3.12E-05,1.28E-05
RepDonBeyer,0.021744801,0.096948139,0.212889147,0.022182166,0.037441608,0.124204811,0.265256201,0.010474068,3.19E-05,3.80E-05,0.014381373,0.031240222,0.163130552,2.62E-05,1.07E-05
repdonyoung,3.27E-05,0.464299321,8.20E-04,0.016178324,2.76E-05,0.117254894,0.013119522,0.035838198,3.48E-05,0.040852625,1.77E-05,0.304084033,0.001204941,0.006223116,1.17E-05
RepDougCollins,0.103960043,0.164332829,0.009852881,0.017576851,2.64E-05,0.249634162,0.17368114,0.195425259,3.34E-05,0.029335064,1.69E-05,0.018662847,0.037423682,2.73E-05,1.12E-05
RepDrewFerguson,3.22E-05,0.503778648,0.004039584,1.43E-04,2.72E-05,0.23580107,0.034108664,0.111423192,3.43E-05,0.093386439,1.74E-05,0.017058148,1.10E-04,2.81E-05,1.15E-05
RepDustyJohnson,6.83E-05,0.414490307,1.91E-04,0.001823833,5.76E-05,0.180779633,0.117082599,0.086176742,7.27E-05,8.66E-05,3.69E-05,0.007992481,2.33E-04,0.190883396,2.44E-05
RepDwightEvans,3.76E-05,0.156127652,0.336039397,0.001840307,0.001286767,0.240462071,0.125506558,0.024830069,4.00E-05,4.76E-05,0.019682676,0.033264132,0.060788923,3.28E-05,1.34E-05
RepDWStweets,0.010408233,0.151333956,0.193172386,0.026517267,2.25E-05,0.239010637,0.089283102,4.01E-04,2.84E-05,0.005669506,1.44E-05,0.054136452,0.129712675,2.33E-05,0.100266106
RepEBJ,3.00E-05,0.260993116,0.070668098,0.061016274,2.54E-05,0.357866611,0.086642443,1.18E-04,0.00739145,0.019774832,1.62E-05,0.013886936,0.121533719,2.62E-05,1.07E-05
RepEdCase,7.23E-05,0.369621934,0.081500127,0.038957614,6.10E-05,0.183352913,0.015297268,2.84E-04,7.70E-05,9.17E-05,0.120777978,0.134835557,0.05498193,6.31E-05,2.58E-05
RepElaineLuria,3.01E-05,0.426197074,0.067033216,0.047332584,2.54E-05,0.239606511,0.05456494,1.18E-04,3.20E-05,3.81E-05,0.130231986,0.034650416,1.03E-04,2.62E-05,1.07E-05
RepEliotEngel,3.31E-05,0.151546882,0.15709426,0.08454457,2.79E-05,0.221050917,0.154423355,0.001604123,3.52E-05,4.20E-05,1.79E-05,5.58E-04,0.226770177,2.89E-05,0.00222312
RepEscobar,3.27E-05,0.196254945,0.170748342,0.029317552,2.76E-05,0.130467837,0.1538843,0.027477367,4.00E-04,4.15E-05,1.77E-05,0.002374937,0.220725604,2.86E-05,0.068201406
RepEspaillat,3.15E-05,0.212048275,0.137312616,0.001543853,2.66E-05,0.112933991,0.084231346,0.001527558,3.36E-05,3.91E-04,1.70E-05,0.01281447,0.098726662,2.75E-05,0.338334084
RepFilemonVela,3.70E-05,0.26034129,0.026047177,0.041344531,0.002090236,0.153515136,0.06836106,0.023206109,3.94E-05,0.102173872,2.00E-05,0.023683948,0.167318072,3.23E-05,0.13178996
RepFinkenauer,0.007088389,0.403321887,0.057122996,3.11E-04,5.91E-05,0.364790078,0.051471575,2.75E-04,0.103010618,8.88E-05,3.78E-05,0.011317434,2.39E-04,8.41E-04,2.50E-05
RepFletcher,4.14E-05,0.319689991,0.106187512,0.074895199,0.008797392,0.331029836,0.07609684,0.011230913,4.41E-05,5.25E-05,2.24E-05,0.063879415,0.007981545,3.62E-05,1.48E-05
RepFrankLucas,3.63E-05,0.58763902,1.02E-04,0.039331675,3.06E-05,0.085928264,0.028673073,0.016698994,4.42E-04,0.008526214,1.96E-05,0.09833543,0.004162086,0.130061766,1.30E-05
RepFredUpton,3.54E-05,0.464553684,9.91E-05,0.007248402,0.101670715,0.157499353,0.060671136,0.010775721,3.77E-05,4.49E-05,1.91E-05,0.164875988,0.001696685,0.030759516,1.26E-05
RepFrenchHill,3.14E-05,0.414029742,0.001489014,0.107306991,2.66E-05,0.111996241,0.071796656,0.079973585,3.35E-05,0.022453953,1.70E-05,0.043256666,1.07E-04,0.147469998,1.12E-05
RepGallagher,3.01E-05,0.271635868,8.43E-05,0.232524339,2.54E-05,0.185439916,0.157719159,0.050346599,3.20E-05,3.81E-05,1.62E-05,0.100628842,1.03E-04,0.001365683,1.07E-05
RepGaramendi,0.274765372,0.240756772,0.03956572,0.021049388,0.018215733,0.116775386,0.077777616,0.005940584,3.70E-05,4.41E-05,1.88E-05,0.132146557,0.072864282,3.03E-05,1.24E-05
RepGarretGraves,4.32E-05,0.400509443,1.21E-04,0.009805553,0.267779901,0.10661113,0.076912338,0.048238308,4.60E-05,0.044758767,5.04E-04,0.044469884,1.47E-04,3.77E-05,1.54E-05
RepGilCisneros,2.68E-05,0.28983254,0.119323176,0.022179852,0.001811327,0.382425377,0.042632573,4.03E-04,2.85E-05,3.32E-04,1.45E-05,0.023406298,0.117550888,2.34E-05,9.57E-06
RepGolden,3.01E-05,0.243662578,0.001426562,8.05E-04,2.54E-05,0.461619806,0.059055002,0.007499975,0.178199102,3.82E-05,0.002700515,0.042113484,0.002787183,2.63E-05,1.08E-05
RepGosar,0.087594327,0.216108649,0.004684519,0.039535432,2.90E-05,0.087096739,0.11623859,0.377522198,3.66E-05,0.001190619,1.85E-05,0.046461439,0.022676425,7.95E-04,1.23E-05
RepGraceMeng,2.93E-04,0.342501997,0.028044619,0.035616499,2.04E-05,0.208424953,0.109218824,9.48E-05,2.57E-05,0.001913698,1.30E-05,0.038068226,0.205874307,2.11E-05,0.029868619
RepGregoryMeeks,0.041731481,0.158276508,0.173831102,0.110122843,0.001666083,0.125815387,0.24363016,0.003823062,3.91E-05,0.002499187,0.025772472,0.006341247,0.106406205,3.21E-05,1.31E-05
RepGregPence,5.15E-04,0.36092276,0.002008008,0.016246244,0.007592427,0.152921567,0.076040608,0.30809864,4.52E-05,5.38E-05,2.29E-05,0.003075971,1.45E-04,0.072297179,1.52E-05
RepGregStanton,0.002345462,0.213458651,0.170229411,0.001061964,5.76E-05,0.420380746,0.083504448,0.002544918,7.26E-05,0.068405443,3.68E-05,0.033789744,0.001751077,5.95E-05,0.002301668
RepGregSteube,0.026002693,0.302187457,0.052077214,3.98E-04,0.110705,0.165234948,0.165450355,0.139883985,9.53E-05,0.001110167,4.83E-05,0.03639101,3.06E-04,7.81E-05,3.20E-05
repgregwalden,2.75E-05,0.44065043,7.70E-05,0.036225922,0.205019626,0.157201182,0.032433664,0.033458032,2.93E-05,3.48E-05,1.48E-05,0.09408813,9.39E-05,6.36E-04,9.82E-06
RepGrothman,3.85E-05,0.449653861,5.36E-04,0.023313685,0.019318075,0.172193836,0.088715618,0.209721054,4.10E-05,0.002620219,0.004735029,0.027219627,1.31E-04,0.001319308,4.42E-04
RepGusBilirakis,3.00E-05,0.468970529,8.40E-05,0.028167266,0.102817047,0.168801537,0.064746968,0.025481855,3.19E-05,0.005377839,1.62E-05,0.134334425,1.02E-04,0.001027386,1.07E-05
RepGuthrie,4.54E-05,0.480804635,1.27E-04,0.00222356,0.165833084,0.145974412,0.037407217,0.043143308,4.83E-05,5.76E-05,2.45E-05,0.084167582,0.001166013,0.038960963,1.62E-05
RepGwenMoore,2.92E-05,0.080354871,0.096949856,0.003380298,0.002300071,0.4338871,0.15668068,0.049523807,3.11E-05,3.62E-04,1.58E-05,0.001141908,0.175307375,2.55E-05,1.04E-05
RepHagedorn,0.002182894,0.478612679,0.001307416,4.17E-04,7.92E-05,0.100055844,0.036564024,0.186298233,0.04814921,0.009519914,5.06E-05,0.008892161,0.002409549,0.125427954,3.35E-05
RepHaleyStevens,3.21E-05,0.352884391,0.119003588,0.010855422,2.71E-05,0.377377314,0.048209893,0.001197189,3.41E-05,7.55E-04,0.005016687,0.063032453,0.019392857,0.002170589,1.15E-05
RepHalRogers,3.77E-05,0.433871473,0.003885047,0.057697944,0.005910859,0.098174759,0.034016238,0.057678446,4.02E-05,4.78E-05,0.003799727,0.09805906,5.49E-04,0.206218523,1.35E-05
RepHankJohnson,8.00E-04,0.157406065,0.250828466,0.019675382,0.005388185,0.246440375,0.112544106,0.001666143,3.66E-05,0.020331844,1.86E-05,0.017805008,0.166634195,4.13E-04,1.23E-05
RepHarley,0.012522779,0.209349104,0.089728298,0.003248311,0.049690237,0.327920578,0.107143734,0.002296702,2.99E-05,3.56E-05,1.51E-05,0.033895987,0.163776794,2.45E-05,3.22E-04
RepHartzler,3.43E-04,0.468210318,3.94E-04,0.053960992,2.39E-05,0.126493765,0.081856403,0.171691598,3.45E-04,3.59E-05,1.53E-05,0.049274458,0.001985544,0.045359744,1.01E-05
RepHastingsFL,2.38E-05,0.114191599,0.117656097,0.072305202,0.014884688,0.412435418,0.101133314,0.001686211,2.54E-05,3.02E-05,1.29E-05,0.043137198,0.122448624,2.08E-05,8.52E-06
RepHolding,3.39E-05,0.345806474,9.49E-05,0.042377135,2.86E-05,0.168827073,0.076914654,0.06762025,3.61E-05,0.290351571,1.83E-05,0.00660279,0.001246736,2.96E-05,1.21E-05
RepHorsford,3.08E-05,0.200524183,0.099457464,1.37E-04,2.60E-05,0.475881438,0.040778032,1.21E-04,3.28E-05,3.82E-04,1.66E-05,0.033756376,0.034028404,2.69E-05,0.114801906
RepHoulahan,3.19E-05,0.269240946,0.194944343,0.030365704,2.70E-05,0.439414931,0.029869883,0.002969953,3.40E-05,4.05E-05,1.72E-05,0.032539662,4.65E-04,2.79E-05,1.14E-05
RepHuffman,0.004568157,0.130724375,0.051632166,0.022176143,0.100207777,0.198352488,0.14881729,0.008543956,0.001976309,0.016247797,1.57E-05,0.112993969,0.203708027,2.54E-05,1.04E-05
RepHuizenga,0.002624515,0.334949381,1.08E-04,0.06266253,3.27E-05,0.071449761,0.092229443,0.285884737,4.12E-05,0.003496838,0.009933192,0.038577336,0.005734817,0.092261271,1.38E-05
RepJahanaHayes,0.022272598,0.230603697,0.361587833,6.76E-04,3.66E-05,0.234270911,0.111148232,0.013701187,0.012127303,5.50E-05,5.07E-04,0.003630564,0.007880148,0.001487621,1.55E-05
RepJasonCrow,3.58E-05,0.239567231,0.287086338,0.008541314,3.03E-05,0.28809888,0.110166082,5.40E-04,3.82E-05,4.55E-05,1.93E-05,0.050896252,0.01369341,4.30E-04,8.11E-04
RepJasonSmith,2.89E-05,0.352681599,4.03E-04,0.014297578,2.44E-05,0.215688571,0.12043879,0.287037741,3.08E-05,0.001002749,1.56E-05,0.005317568,0.002997015,2.52E-05,1.03E-05
RepJayapal,3.54E-05,0.075383802,0.084866712,1.57E-04,2.99E-05,0.363825401,0.145880737,0.008812881,0.007923052,4.49E-05,1.91E-05,0.015972919,0.297004312,3.09E-05,1.27E-05
RepJeffDuncan,3.80E-05,0.314758724,1.06E-04,0.028929299,3.21E-05,0.100995395,0.070634458,0.478081805,4.63E-04,4.82E-05,0.00213525,0.003600528,1.30E-04,3.32E-05,1.36E-05
RepJeffries,0.02415136,0.056040855,0.089149546,0.024865538,2.35E-05,0.226943729,0.224845635,0.078974616,0.016421246,0.001581606,1.50E-05,1.59E-04,0.248444143,0.003426294,0.004958357
RepJenniffer,3.10E-04,0.181908518,9.24E-04,9.66E-04,2.15E-05,0.053642987,0.022732767,1.00E-04,2.72E-05,6.01E-04,1.38E-05,0.054985417,3.71E-04,2.23E-05,0.683374016
RepJerryNadler,3.05E-05,0.134451401,0.323966785,0.003197639,2.58E-05,0.195549525,0.167725727,0.001140574,3.25E-05,3.87E-05,1.65E-05,0.007999357,0.165787279,2.67E-05,1.09E-05
RepJimBaird,1.95E-04,0.70272012,5.45E-04,0.005199913,1.64E-04,0.084075987,0.002177427,0.054953,2.07E-04,2.47E-04,1.05E-04,0.046630375,6.65E-04,0.102044963,6.96E-05
repjimcooper,3.59E-05,0.250545049,0.018105372,0.084581595,3.03E-05,0.281988728,0.192051783,1.41E-04,0.067655852,0.060061179,1.94E-05,0.007006986,0.037732528,3.14E-05,1.28E-05
RepJimCosta,2.43E-05,0.326045404,0.014689011,0.027725233,0.203629739,0.317269833,0.015163621,0.005510593,2.59E-05,0.020337605,1.31E-05,0.020445643,0.026887999,0.022223297,8.69E-06
RepJimmyGomez,0.028285133,0.170244108,0.150031855,0.003339053,2.43E-05,0.205753528,0.176282248,0.021305426,3.52E-04,3.58E-04,1.56E-05,0.019430351,0.224543439,2.52E-05,1.03E-05
RepJimmyPanetta,0.005112172,0.263777391,0.141151033,0.043973182,0.034656405,0.349115462,0.047025139,1.12E-04,3.04E-05,3.62E-05,1.54E-05,0.049728478,0.060465726,2.49E-05,0.004776114
RepJoeCourtney,0.002411732,0.354822784,0.070729554,0.023670454,3.21E-04,0.303721596,0.06379912,0.004875028,0.001220991,3.40E-05,0.087065604,0.076471726,0.006650106,0.00419706,9.57E-06
RepJoeKennedy,0.001756706,0.095673533,0.032875443,0.044316011,2.62E-05,0.312626551,0.208122812,4.67E-04,3.30E-05,3.93E-05,0.001052161,0.003283313,0.297964307,0.001407634,3.56E-04
RepJoeMorelle,2.63E-05,0.274591716,0.122283304,0.001578487,0.001776375,0.43439665,0.074262746,0.001272545,2.80E-05,0.016113524,1.42E-05,0.025001218,0.044821962,0.003823705,9.39E-06
RepJoeNeguse,3.29E-05,0.191919654,0.289326434,1.46E-04,0.00588567,0.159550582,0.066635392,1.29E-04,3.50E-05,4.17E-05,1.77E-05,0.164209261,0.122030067,2.87E-05,1.18E-05
RepJoeWilson,3.58E-05,0.428021549,1.00E-04,0.223103698,3.02E-05,0.1243498,0.012365469,0.124175959,3.81E-05,0.084596852,1.93E-05,0.002996354,1.22E-04,3.13E-05,1.28E-05
RepJohnCurtis,0.248165065,0.408216833,8.70E-04,0.060447562,2.93E-05,0.100793655,0.057976144,0.02062054,3.70E-05,4.40E-05,1.87E-05,0.102619647,1.19E-04,3.03E-05,1.24E-05
RepJohnJoyce,4.36E-05,0.471861502,0.00206356,6.79E-04,3.68E-05,0.205202271,0.06552507,0.233626631,4.64E-05,5.53E-05,2.35E-05,0.020633831,1.49E-04,3.81E-05,1.56E-05
RepJohnKatko,0.001063118,0.441860008,8.66E-05,0.005298391,0.250512124,0.15854542,0.057806037,0.010099455,3.29E-05,3.92E-05,1.67E-05,0.054196131,0.020405935,2.70E-05,1.10E-05
RepJohnLarson,3.26E-05,0.215368328,0.073429913,0.009584469,2.75E-05,0.571019888,0.072977138,1.28E-04,3.98E-04,4.13E-05,0.007278843,0.028505062,0.021168983,2.85E-05,1.17E-05
repjohnlewis,3.73E-05,0.130209626,0.148939534,0.072920367,4.47E-04,0.252266205,0.283120816,0.014697467,0.002949937,0.007114927,2.02E-05,2.13E-04,0.084107016,3.26E-05,0.002923526
RepJohnRose,1.17E-04,0.520802055,3.27E-04,0.029076379,9.84E-05,0.146411993,0.03245871,0.202963094,0.058539171,1.48E-04,6.29E-05,6.66E-04,3.98E-04,0.007890453,4.17E-05
RepJohnYarmuth,0.149862441,0.279628948,0.058130246,1.51E-04,0.001166698,0.239645158,0.13541624,0.009995847,3.63E-05,4.23E-04,1.84E-05,0.009677361,0.115806635,2.97E-05,1.22E-05
RepJoseSerrano,3.61E-04,0.249788504,0.084650765,0.003780317,2.51E-05,0.233733566,0.09285973,0.008739466,0.00135826,0.001032678,1.61E-05,0.033002112,0.131098157,2.60E-05,0.159527802
RepJoshG,3.17E-05,0.265221379,0.008209316,0.01850018,0.09217641,0.427838572,0.171590593,4.78E-04,3.38E-05,4.02E-05,1.71E-05,0.01536283,1.08E-04,3.81E-04,1.13E-05
RepJoshHarder,5.46E-05,0.392135301,0.00379959,0.001458036,0.131932944,0.373652146,0.08569884,8.22E-04,5.81E-05,6.92E-05,2.95E-05,0.009428335,7.94E-04,4.77E-05,1.95E-05
RepJuanVargas,3.66E-04,0.272640118,0.040415974,0.021308077,2.55E-05,0.330646325,0.055457198,0.006168198,3.21E-05,3.83E-05,3.52E-04,0.026387792,0.213187308,2.64E-05,0.032948095
RepJudyChu,6.38E-04,0.097700799,0.058660709,0.008054978,0.001853883,0.344726242,0.216639856,0.025432913,0.0027753,3.40E-04,1.48E-05,0.006869242,0.236260047,2.39E-05,9.80E-06
RepKarenBass,0.021555,0.137961124,0.107338243,0.033705652,2.77E-05,0.323850855,0.199903196,1.29E-04,3.49E-05,0.001500679,1.77E-05,0.005294074,0.142742383,2.86E-05,0.025911362
RepKathleenRice,2.82E-05,0.218523506,0.065460159,0.021185656,6.52E-04,0.406679105,0.15213812,0.009226445,3.01E-05,3.58E-05,0.027676454,0.024993451,0.073335787,2.46E-05,1.01E-05
RepKatieHill,0.057408523,0.245655623,0.23726926,0.019149226,0.013549373,0.219923805,0.119869387,1.29E-04,3.49E-05,7.73E-04,1.77E-05,0.038559731,0.047620662,2.87E-05,1.17E-05
RepKatiePorter,3.22E-05,0.223581451,0.133550398,0.005524595,0.033033467,0.427211717,0.113729742,4.85E-04,0.003263182,4.09E-05,1.74E-05,0.03247275,0.027017343,2.81E-05,1.15E-05
RepKayGranger,3.51E-05,0.341704536,9.84E-05,0.186213397,2.96E-05,0.156658972,0.075831916,0.156488597,0.00121001,0.019588365,1.89E-05,0.051796246,0.006764822,0.003548541,1.25E-05
RepKClark,3.60E-05,0.053866256,0.242941273,0.001364312,3.04E-05,0.384846996,0.139685153,0.003754008,3.84E-05,4.47E-04,0.005237514,2.06E-04,0.167502294,3.15E-05,1.29E-05
RepKenBuck,0.002614376,0.393362037,0.006544721,0.065086044,2.45E-05,0.181876159,0.113434032,0.116778189,3.09E-05,0.007792877,1.57E-05,0.112305637,9.91E-05,2.53E-05,1.04E-05
RepKendraHorn,8.68E-05,0.389809848,0.108523897,0.005219684,7.33E-05,0.282098445,0.096683511,0.003241213,9.25E-05,1.10E-04,4.69E-05,0.070104831,2.97E-04,0.043581402,3.10E-05
RepKenMarchant,0.001269769,0.37775076,1.03E-04,0.190025703,4.42E-04,0.174569416,0.058357645,0.15713013,0.002915993,0.036621899,1.99E-05,2.11E-04,5.37E-04,3.22E-05,1.32E-05
RepKevinBrady,3.01E-05,0.139702221,0.008790549,0.037972438,2.54E-05,0.138894797,0.240428831,0.399602421,3.20E-05,3.81E-05,3.51E-04,0.032987734,0.001107299,2.63E-05,1.07E-05
repkevinhern,0.007847193,0.28074397,0.023526277,0.008977409,6.55E-05,0.207008676,0.149354347,0.276559455,8.26E-05,9.83E-05,4.19E-05,0.002169385,0.003718032,0.03977936,2.77E-05
RepKimSchrier,7.69E-05,0.247740409,0.162977438,0.001198423,6.50E-05,0.38273745,0.057398874,3.02E-04,8.19E-05,9.76E-05,4.15E-05,0.074110535,0.050804642,6.72E-05,0.022300175
RepKinzinger,0.009813544,0.325327019,8.79E-05,0.214648472,2.65E-05,0.177752018,0.0828007,0.083621003,0.001430863,0.04021657,1.69E-05,0.048740694,4.57E-04,0.015050016,1.12E-05
RepKirkpatrick,0.011195488,0.272557498,0.14364951,5.38E-04,2.92E-05,0.273938663,0.066582477,0.008602594,3.68E-05,0.102031644,1.87E-05,0.034449908,0.080938599,3.02E-05,0.00540039
RepLaHood,2.77E-05,0.531794364,3.86E-04,0.057524341,2.34E-05,0.120292089,0.021295404,0.127255572,2.95E-05,0.004972885,1.50E-05,0.008182113,9.47E-05,0.128096796,9.91E-06
RepLaMalfa,2.92E-05,0.325027933,8.17E-05,4.54E-04,0.121764042,0.123293934,0.107132174,0.170874286,3.10E-05,0.050355935,3.40E-04,0.085546427,0.006592362,0.008466054,1.04E-05
RepLanceGooden,0.015567907,0.194005401,3.53E-04,0.027232383,1.06E-04,0.213081354,0.221807586,0.316351034,0.002941855,1.60E-04,6.81E-05,0.007739046,4.31E-04,1.10E-04,4.51E-05
RepLarryBucshon,2.74E-05,0.395985708,7.69E-05,0.001649374,0.00521662,0.174679912,0.036050092,0.171491777,2.92E-05,3.40E-04,1.48E-05,0.111663264,0.005287178,0.097477643,9.81E-06
RepLawrence,0.015615482,0.107245223,0.272199347,0.008892387,4.09E-04,0.350690159,0.08892948,0.01723547,3.63E-05,4.33E-05,1.84E-05,0.010455816,0.128187746,2.98E-05,1.22E-05
RepLBR,2.69E-05,0.299908573,0.072266742,0.002216358,9.21E-04,0.337528583,0.061708502,7.05E-04,0.087197466,0.062939449,1.45E-05,0.056169343,0.018364398,2.35E-05,9.62E-06
RepLeeZeldin,0.025584508,0.206777354,0.013271633,0.129874598,2.13E-05,0.117906517,0.327216333,0.168902666,2.69E-05,3.20E-05,1.36E-05,0.010255427,8.62E-05,2.20E-05,9.02E-06
RepLindaSanchez,3.54E-05,0.160672257,0.172924701,5.52E-04,2.99E-05,0.347145639,0.070236779,0.015527671,3.77E-05,0.009909401,1.91E-05,0.016380102,0.197410322,3.09E-05,0.009087973
RepLipinski,5.65E-04,0.319115225,0.011154071,0.014979378,0.10763607,0.276552659,0.127625725,9.06E-04,5.67E-04,0.001112357,1.31E-05,0.107213472,0.030096338,0.002454719,8.68E-06
RepLizCheney,3.28E-05,0.507137974,9.20E-05,0.110917805,7.59E-04,0.081813463,0.046065246,0.079460608,3.50E-05,7.73E-04,1.77E-05,0.091949089,0.00705825,0.073876628,1.17E-05
RepLloydDoggett,0.01914446,0.22906888,0.089281571,0.031995678,2.68E-05,0.166630147,0.134852179,0.017113828,0.047107667,4.03E-05,1.72E-05,0.003013045,0.130357947,2.78E-05,0.131322543
RepLoisFrankel,2.73E-05,0.061433667,0.172346215,0.036580428,0.006099572,0.43744621,0.090845576,0.023805598,2.91E-05,3.46E-05,1.47E-05,0.019904572,0.149575959,0.001846783,9.75E-06
RepLoriTrahan,3.27E-05,0.272897727,0.184039091,0.004516357,2.76E-05,0.264005872,0.088879227,8.57E-04,3.48E-05,7.70E-04,0.005845695,0.102541732,0.075147725,3.93E-04,1.17E-05
RepLouCorrea,8.61E-04,0.220808268,0.03181241,0.019107207,0.006620061,0.216932692,0.088539373,0.075093201,3.94E-05,4.69E-05,2.00E-05,0.004741042,0.315978707,3.23E-05,0.019367928
RepLoudermilk,4.30E-05,0.318354922,0.002996456,0.043808083,3.63E-05,0.102470086,0.083401435,0.268580364,4.58E-05,0.167811702,9.82E-04,0.011269878,1.47E-04,3.76E-05,1.54E-05
replouiegohmert,0.31582712,0.251384245,0.011675966,0.008183326,3.37E-05,0.035932323,0.092069557,0.247449301,0.001376845,5.07E-05,2.16E-05,0.004675833,0.031270395,3.49E-05,1.43E-05
RepLowenthal,6.25E-04,0.077826045,0.060493719,0.047975532,2.27E-05,0.28438199,0.12562388,4.05E-04,2.86E-05,3.41E-05,1.45E-05,0.10663345,0.295902878,2.35E-05,9.60E-06
RepLucyMcBath,8.20E-05,0.157209781,0.39279846,0.007667851,6.92E-05,0.3805072,0.041999882,3.22E-04,8.73E-05,0.015624131,4.43E-05,4.68E-04,0.001193026,7.16E-05,0.001855208
RepMalinowski,1.43E-04,0.272459258,0.255035799,0.053153493,0.022401258,0.195414173,0.152788429,0.002152539,1.52E-04,1.81E-04,7.72E-05,0.002407747,0.043457939,1.25E-04,5.11E-05
RepMaloney,0.007613627,0.160683728,0.198615033,1.38E-04,0.001060135,0.222582076,0.274356645,1.22E-04,3.30E-05,3.93E-05,1.67E-05,0.047051519,0.086961867,2.70E-05,7.00E-04
RepMarciaFudge,3.05E-05,0.230705228,0.11709997,0.008953815,2.57E-05,0.420163337,0.096665793,0.005546339,3.24E-05,0.02581576,1.64E-05,0.01543674,0.070991167,0.008505914,1.09E-05
RepMarcyKaptur,2.80E-05,0.2090737,0.061130928,0.060242341,2.36E-05,0.29834396,0.074136646,0.013192503,2.98E-05,0.0031504,1.51E-05,0.107313204,0.099773176,0.073536665,1.00E-05
RepMarkGreen,0.144345489,0.124566267,4.96E-04,0.038217928,4.27E-04,0.126781958,0.238271707,0.3026355,0.011138674,4.52E-05,1.92E-05,0.002185624,0.01082593,3.11E-05,1.27E-05
RepMarkMeadows,0.223699601,0.124255723,7.59E-05,0.040815408,6.26E-04,0.106647916,0.262861817,0.236439517,2.88E-05,3.43E-05,1.46E-05,0.001963286,0.002504041,2.36E-05,9.68E-06
repmarkpocan,0.009082772,0.10795146,0.158651768,0.008470679,2.74E-05,0.310890559,0.167612582,0.015332073,3.46E-05,4.12E-05,1.75E-05,0.004167795,0.217679461,2.84E-05,1.16E-05
RepMarkTakano,0.001024009,0.180025434,0.106799573,1.32E-04,2.51E-05,0.372110812,0.132899598,0.005750924,6.95E-04,0.003020494,1.61E-05,0.003815569,0.193649013,2.60E-05,1.06E-05
RepMarkWalker,0.018929338,0.217101832,0.062930427,0.032244158,3.33E-05,0.160251492,0.159907137,0.240891178,4.20E-05,0.094938792,0.011443092,6.65E-04,1.35E-04,4.74E-04,1.41E-05
RepMarshall,0.009603881,0.235268629,0.026915908,0.042673088,0.008109693,0.191282828,0.107443151,0.037707013,0.117184057,0.012180781,0.112140922,0.054858428,0.032812015,0.008386136,0.00343347
RepMarthaRoby,2.67E-05,0.517277789,0.011687781,0.009051761,2.26E-05,0.145246469,0.064616427,0.106704955,3.26E-04,0.036361278,0.091130618,0.017423113,9.13E-05,2.33E-05,9.56E-06
RepMattGaetz,0.205976366,0.176602745,0.00641001,0.030848336,0.013060637,0.090692189,0.202998562,0.242231127,4.02E-05,8.88E-04,2.04E-05,0.002316981,0.0182011,3.30E-05,0.009679999
RepMaxineWaters,0.123047585,0.138850876,0.02316169,0.095104085,2.91E-05,0.110630429,0.27524349,5.20E-04,3.68E-05,4.38E-05,1.86E-05,1.97E-04,0.233073928,3.01E-05,1.23E-05
RepMaxRose,3.50E-05,0.25442568,0.074104302,0.001323925,0.006261641,0.363327382,0.28044663,9.16E-04,3.72E-05,4.44E-05,1.89E-05,0.002536821,0.016478776,3.05E-05,1.25E-05
RepMcCaul,2.78E-05,0.33253282,7.80E-05,0.257920297,2.35E-05,0.1235653,0.060112655,0.162471565,3.39E-04,0.002823954,1.50E-05,0.055932244,0.00412313,2.43E-05,9.95E-06
RepMcClintock,0.008063646,0.268223506,1.26E-04,0.056330467,0.383429453,0.028460389,0.073673582,0.084372455,4.79E-05,0.003064067,2.43E-05,0.083951656,0.010177054,3.93E-05,1.61E-05
RepMcEachin,3.77E-05,0.131577174,0.134119647,1.68E-04,0.002132385,0.217526206,0.034870741,0.003929064,4.02E-05,4.78E-05,0.274349812,0.092638872,0.108516319,3.29E-05,1.35E-05
RepMcGovern,7.83E-04,0.105678924,0.137529426,0.027112172,2.84E-05,0.284527694,0.179004482,0.018856163,3.58E-05,4.26E-05,1.82E-05,0.008430696,0.23004732,2.94E-05,0.00787616
RepMcKinley,2.96E-05,0.442081997,7.41E-04,0.009346843,6.83E-04,0.126973019,0.053978171,0.113006266,0.002664482,3.75E-05,0.093816878,0.153212422,1.01E-04,0.003317066,1.06E-05
RepMcNerney,2.70E-05,0.359961994,0.013628581,0.016684682,0.004540432,0.247801742,0.091256822,1.06E-04,2.88E-05,3.43E-05,3.16E-04,0.128153042,0.137427328,2.36E-05,9.67E-06
RepMeuser,7.58E-05,0.472157593,2.12E-04,0.002869911,0.001752711,0.185577314,0.048131526,0.170011067,8.07E-05,0.110705387,0.002573968,0.005499142,2.59E-04,6.62E-05,2.71E-05
RepMGriffith,3.66E-05,0.537056962,1.02E-04,0.014818321,3.09E-05,0.077671527,0.03867713,0.036376152,3.89E-05,0.006967203,0.21212309,0.075930928,1.25E-04,3.19E-05,1.31E-05
RepMGS,3.53E-05,0.144206307,0.375538236,9.42E-04,2.98E-05,0.237511933,0.156696688,1.38E-04,3.76E-05,4.47E-05,1.90E-05,2.01E-04,0.084555073,3.08E-05,1.26E-05
RepMichaelGuest,4.33E-05,0.407649371,6.04E-04,0.032024979,3.66E-05,0.116134983,0.077172008,0.339717205,4.61E-05,0.00439573,2.34E-05,0.02195139,1.48E-04,3.78E-05,1.55E-05
RepMichaelWaltz,3.18E-05,0.27978111,4.43E-04,0.163364681,0.0347251,0.193243931,0.071168439,0.129712179,3.39E-05,3.94E-04,1.72E-05,0.009033197,8.17E-04,2.78E-05,0.117206488
RepMikeJohnson,0.014149121,0.368970114,0.005436762,0.032196765,0.002699305,0.106734493,0.111013255,0.347283907,4.18E-04,4.34E-05,4.00E-04,0.010495703,1.17E-04,2.99E-05,1.22E-05
RepMikeLevin,3.30E-05,0.255007548,0.097578196,5.15E-04,0.002970855,0.346088086,0.051871383,0.003072654,3.52E-05,4.19E-05,1.78E-05,0.041022282,0.20170576,2.88E-05,1.18E-05
RepMikeQuigley,0.060626641,0.257158645,0.030375348,0.019619597,2.27E-05,0.258535263,0.117300793,0.001605756,2.87E-05,3.42E-05,3.15E-04,0.117153299,0.137191363,2.35E-05,9.63E-06
RepMikeRogersAL,0.001153721,0.395947674,1.39E-04,0.016230427,4.19E-05,0.066132139,0.070668054,0.23648253,5.28E-05,0.022145855,0.188836252,2.83E-04,1.69E-04,4.33E-05,0.001673946
RepMikeTurner,0.048541792,0.432726282,0.001663174,0.148414353,2.97E-05,0.08441272,0.062591029,0.039647373,4.29E-04,4.46E-05,0.108767781,0.057313328,0.004423018,0.01098379,1.26E-05
RepMoBrooks,0.022792921,0.189992669,1.10E-04,0.051370248,3.32E-05,0.070356161,0.111144724,0.302952569,4.18E-05,4.98E-05,0.227119942,6.62E-04,0.023325438,3.43E-05,1.40E-05
RepMoolenaar,3.96E-05,0.54525785,1.11E-04,0.012536245,3.35E-05,0.101877618,0.04017241,0.031497366,4.22E-05,5.03E-05,2.14E-05,0.031568154,1.35E-04,0.236642678,1.42E-05
RepMullin,3.58E-05,0.374079394,1.00E-04,0.001755834,0.00242514,0.147200383,0.112161812,0.273156503,0.007222796,0.024393356,1.93E-05,0.011380809,0.010500243,0.03555528,1.28E-05
RepNewhouse,4.13E-04,0.397823504,0.001612093,0.044513999,0.054629019,0.081820181,0.02768103,0.096821651,0.005344619,0.003455699,1.84E-05,0.093849106,0.002012164,0.187338986,0.002666352
RepOHalleran,0.002092403,0.444227968,0.008042752,0.002183653,2.24E-05,0.292115198,0.040138879,3.99E-04,2.82E-05,0.093294352,1.43E-05,0.115251656,0.002156442,2.31E-05,9.47E-06
RepPaulCook,5.09E-05,0.422692287,0.004674232,0.270427436,4.30E-05,0.104108796,0.070810083,0.005864304,0.00118709,0.005162652,2.75E-05,0.084126625,0.005838379,6.11E-04,0.024375965
RepPaulMitchell,3.32E-05,0.424732213,9.31E-05,0.021602451,3.98E-04,0.206332328,0.058077783,0.222447196,3.54E-05,0.006700534,1.79E-05,0.036071141,1.13E-04,0.023333425,1.19E-05
RepPaulTonko,2.74E-05,0.166047576,0.02850556,0.001039014,2.32E-05,0.356668823,0.140616139,0.014474927,2.92E-05,3.48E-05,1.48E-05,0.064350476,0.228134214,2.40E-05,9.81E-06
RepPerlmutter,2.93E-05,0.173518134,0.147402847,0.00633674,2.48E-05,0.393221476,0.072845177,0.007301534,3.12E-05,3.72E-05,1.58E-05,0.09555031,0.103649311,2.56E-05,1.05E-05
RepPeteAguilar,2.79E-05,0.260524895,0.013132441,0.026854084,3.34E-04,0.473926864,0.059677864,0.012231355,2.97E-05,0.002211101,1.51E-05,0.012592012,0.138097139,3.35E-04,9.98E-06
RepPeteKing,3.37E-04,0.364502547,7.79E-05,0.139650418,2.35E-05,0.057477825,0.279055379,0.047752429,0.006835779,3.52E-05,0.074883136,0.018102283,0.011232318,2.43E-05,9.93E-06
RepPeteOlson,3.15E-04,0.415645253,7.28E-05,0.214854951,2.19E-05,0.115411888,0.061934269,0.1225209,2.77E-05,0.026079527,1.40E-05,0.039218291,0.003272254,2.27E-05,5.88E-04
RepPeterDeFazio,2.74E-05,0.196986505,0.005267118,0.04591845,0.095585466,0.310131295,0.105333657,1.08E-04,2.92E-05,3.40E-04,1.48E-05,0.093276425,0.146948214,2.39E-05,9.80E-06
RepPeteStauber,5.89E-05,0.531197602,8.22E-04,0.010765078,4.98E-05,0.183666585,0.046610806,0.073753618,0.082775238,7.48E-05,3.18E-05,0.057447683,2.01E-04,0.012523985,2.11E-05
RepPressley,9.10E-04,0.113310131,0.332811537,0.008447746,3.30E-05,0.244208641,0.131079584,0.002330894,4.16E-05,4.96E-05,2.11E-05,0.001529779,0.161694358,3.41E-05,0.003497769
RepRalphNorman,0.074481708,0.255075093,0.006097357,0.024557292,8.88E-04,0.186017709,0.114233896,0.335573477,4.09E-05,0.001760064,2.07E-05,0.00107511,1.31E-04,3.35E-05,1.37E-05
RepRashida,0.004846986,0.13341495,0.116912414,0.001279217,4.04E-05,0.505392916,0.080520748,0.001254458,5.10E-05,6.07E-05,2.59E-05,0.003472903,0.15266848,4.18E-05,1.71E-05
RepRaskin,0.074696236,0.15187565,0.384124318,0.008414206,3.13E-05,0.088183826,0.148495311,0.001382865,3.94E-05,8.72E-04,0.010744522,0.003098937,0.127995886,3.23E-05,1.32E-05
RepRatcliffe,0.184879869,0.262321654,0.003623325,0.166963803,2.68E-05,0.105603218,0.071396109,0.170481774,3.38E-05,4.03E-05,1.71E-05,0.026689139,0.007884066,2.77E-05,1.13E-05
RepRaulGrijalva,2.83E-05,0.086982446,0.048892775,0.001070426,2.39E-05,0.293444354,0.083456811,0.010188657,3.01E-05,0.005389607,1.53E-05,0.116999055,0.345570379,2.47E-05,0.007883258
RepRichardNeal,3.00E-05,0.35194545,0.01410575,0.032516731,3.59E-04,0.27902867,0.079791872,4.52E-04,3.19E-05,0.004044231,0.124208697,0.025877749,0.080894323,0.006703193,1.07E-05
RepRichHudson,3.37E-05,0.256615309,0.017372494,0.047476476,2.85E-05,0.201622063,0.098035416,0.328789477,3.59E-05,0.048871825,1.82E-05,9.44E-04,1.15E-04,2.95E-05,1.21E-05
RepRichmond,4.68E-04,0.254983058,0.248568559,0.025489299,0.023634146,0.198162721,0.12573416,0.032335297,4.10E-05,0.039098805,0.008174086,0.001936579,0.041327181,3.36E-05,1.38E-05
RepRickCrawford,0.003238055,0.328296594,1.01E-04,0.03738427,3.03E-05,0.105184808,0.212141866,0.134629894,4.39E-04,0.02045906,1.94E-05,0.011812961,0.004925964,0.141324657,1.28E-05
RepRickLarsen,0.010588777,0.286200004,0.079837271,0.013445769,0.16576148,0.209818243,0.054724559,0.003264818,3.74E-05,4.45E-05,1.89E-05,0.124108488,0.043507259,0.008629941,1.25E-05
RepRiggleman,4.79E-04,0.551848298,0.001867751,0.001053871,3.33E-05,0.131697003,0.060625377,0.074835844,9.21E-04,0.022454321,0.151579736,0.002421819,1.35E-04,3.44E-05,1.41E-05
RepRobBishop,0.009603881,0.235268629,0.026915908,0.042673088,0.008109693,0.191282828,0.107443151,0.037707013,0.010228132,0.012180781,0.005184997,0.054858428,0.246723864,0.008386136,0.00343347
RepRobinKelly,3.40E-05,0.210514248,0.194988046,0.02593474,2.87E-05,0.277091977,0.127781523,0.01947127,3.63E-05,4.32E-05,1.84E-05,0.041903017,0.092633444,0.009508943,1.22E-05
RepRobWoodall,3.02E-05,0.440123079,0.011859861,0.050599356,2.55E-05,0.146277686,0.071998446,0.14848608,3.22E-05,0.108033685,1.63E-05,0.02035861,0.002121817,2.64E-05,1.08E-05
RepRoKhanna,0.069533595,0.154433825,0.095705911,0.119568806,2.91E-05,0.259868496,0.139767929,1.35E-04,3.67E-05,4.37E-05,1.86E-05,0.03168273,0.12913273,3.01E-05,1.23E-05
RepRonEstes,2.42E-05,0.500681776,3.38E-04,0.014419103,2.05E-05,0.149267144,0.04968598,0.106755393,2.58E-05,0.01245194,1.31E-05,0.02390077,0.006563458,0.135844156,8.67E-06
RepRonKind,2.69E-05,0.336658256,7.55E-05,0.018419603,2.27E-05,0.427434436,0.061801064,1.06E-04,0.008128649,0.020134067,1.45E-05,0.071553522,0.006692001,0.048923283,9.63E-06
RepRonWright,0.020156681,0.265152217,1.94E-04,0.119286917,5.86E-05,0.159762416,0.101985237,0.30389976,7.39E-05,8.80E-05,3.75E-05,0.001941444,0.007962903,0.019375296,2.48E-05
RepRooney,0.091508039,0.31884681,8.92E-04,0.141128568,0.13664477,0.050602271,0.061379443,0.071416862,3.79E-05,0.008756762,1.92E-05,0.058412865,0.011605039,3.10E-05,0.048718839
RepRossSpano,0.034298861,0.561258457,3.58E-04,0.001991854,0.069873777,0.079431131,0.054110592,0.179899781,1.36E-04,1.62E-04,6.90E-05,0.00500165,0.007555753,0.001535428,0.004317083
RepRoybalAllard,2.67E-05,0.247729129,0.127626236,7.13E-04,2.25E-05,0.255931889,0.055600688,0.027458503,2.84E-05,0.00330441,1.44E-05,0.037615152,0.152617728,2.33E-05,0.091287595
RepRubenGallego,3.53E-05,0.175231111,0.085318862,0.046497534,4.22E-04,0.272463928,0.099359707,1.38E-04,3.76E-05,0.033033125,4.12E-04,0.101915661,0.185091149,3.08E-05,1.26E-05
RepRussFulcher,0.00157861,0.426160396,0.006158697,0.003475019,1.10E-04,0.082260384,0.085470538,0.172887099,0.014623937,1.65E-04,7.02E-05,0.102140861,4.44E-04,0.104408553,4.65E-05
RepRutherfordFL,2.78E-05,0.395871638,0.002863093,0.044686894,0.059441362,0.186234389,0.082010486,0.161651509,2.96E-05,0.031601002,1.50E-05,0.0345097,9.49E-05,9.53E-04,9.93E-06
RepRWilliams,4.11E-05,0.319198935,0.001486573,0.023041117,3.47E-05,0.166771886,0.091894113,0.390588011,4.37E-05,5.21E-05,2.22E-05,0.006177753,5.97E-04,3.58E-05,1.47E-05
RepSarbanes,3.78E-05,0.122747369,0.290535443,1.68E-04,3.20E-05,0.320689839,0.101588969,1.49E-04,4.03E-05,4.70E-04,2.04E-05,0.012018847,0.151456081,3.31E-05,1.35E-05
RepSchneider,2.73E-05,0.233237497,0.085199716,0.028698372,0.008231361,0.415215339,0.130726314,0.002235259,2.91E-05,3.46E-05,1.47E-05,0.036029282,0.060287535,2.38E-05,9.76E-06
RepSchrader,2.72E-05,0.40632432,0.004320844,0.001030509,0.115535302,0.227928664,0.073371407,1.07E-04,2.90E-05,3.38E-04,1.47E-05,0.135981007,0.031320749,0.003661955,9.73E-06
RepScottPerry,0.052725603,0.452648903,8.39E-05,0.067836978,2.53E-05,0.110657017,0.090718091,0.069822593,3.19E-05,0.135779323,1.62E-05,0.018180971,0.001436384,2.62E-05,1.07E-05
RepScottPeters,2.47E-05,0.196563107,0.08027111,0.036490138,0.002776971,0.333977854,0.079927401,3.73E-04,2.64E-05,3.14E-05,1.34E-05,0.131330482,0.138163857,2.16E-05,8.85E-06
RepSeanDuffy,0.017215541,0.15608068,1.20E-04,0.036920834,3.62E-05,0.132033522,0.110193715,0.542539528,1.00E-03,5.43E-05,2.31E-05,0.003106785,6.23E-04,3.74E-05,1.53E-05
RepSeanMaloney,0.092540743,0.105339542,0.082673785,0.030623279,2.69E-05,0.179626239,0.235704411,0.006504882,3.39E-05,0.001103687,0.001789384,0.082766384,0.181227726,2.78E-05,1.14E-05
RepShalala,2.86E-05,0.156734037,0.139555051,0.006814202,2.41E-05,0.228251153,0.069102036,1.12E-04,3.05E-05,3.63E-05,1.54E-05,0.016721994,0.058371456,2.50E-05,0.324177947
RepSherrill,4.17E-05,0.370557933,0.127014061,0.013665365,0.066040322,0.273218455,0.091572542,1.64E-04,4.45E-05,5.29E-05,2.25E-05,0.057411824,1.43E-04,3.64E-05,1.49E-05
RepShimkus,4.01E-05,0.233534832,0.001005046,0.228267485,0.023690866,0.11819067,0.157566724,0.140314057,4.27E-05,0.003621705,0.001807074,0.08146626,0.002815088,0.007623099,1.43E-05
RepSires,2.89E-05,0.242470991,0.061567974,0.060005794,3.46E-04,0.316380491,0.047967735,0.001401177,3.08E-05,3.67E-05,1.56E-05,0.087405778,0.067380303,2.52E-05,0.114936225
RepSlotkin,0.005320505,0.309065074,0.031305522,0.040491756,9.96E-04,0.456155918,0.100753036,0.016481183,4.59E-05,5.46E-05,2.33E-05,0.016078352,0.023175949,3.76E-05,1.54E-05
RepSmucker,0.004925864,0.279585136,0.020881969,9.77E-04,0.001660653,0.200781672,0.146680224,0.284129259,8.54E-04,0.043642472,1.98E-05,0.012432176,0.003384514,3.19E-05,1.31E-05
RepSpanberger,2.81E-05,0.339411711,0.115908305,0.059604927,2.37E-05,0.350552867,0.048524605,1.10E-04,0.002847412,3.49E-04,0.049790566,0.031152791,4.09E-04,0.001276757,1.00E-05
RepSpeier,0.02343355,0.138540715,0.036488588,0.108374865,2.46E-05,0.206344694,0.237945825,0.056025019,3.56E-04,3.70E-05,1.58E-05,0.01349421,0.178883041,2.55E-05,1.04E-05
RepStefanik,0.007151809,0.541867642,0.012246844,0.035744204,0.002397561,0.197957011,0.043642903,0.025042693,0.002403441,0.044269123,1.44E-05,0.082982153,0.001575484,0.002695209,9.53E-06
RepStephenLynch,2.45E-05,0.390420711,0.073943784,0.095246913,2.07E-05,0.206302152,0.068424381,0.001731718,2.61E-05,0.002211863,5.58E-04,0.078376637,0.082682081,2.14E-05,8.75E-06
RepStephMurphy,2.71E-05,0.255159971,0.049527846,0.030273942,0.011782781,0.415453307,0.11458519,4.08E-04,6.32E-04,3.43E-05,1.46E-05,0.020960669,0.007027842,2.36E-05,0.094089024
RepSteveChabot,4.12E-05,0.346225263,0.007001472,0.087864213,3.48E-05,0.088961121,0.075288444,0.05433129,4.39E-05,5.11E-04,2.23E-05,0.025483929,0.012994599,0.301181405,1.47E-05
RepSteveStivers,3.26E-05,0.574954137,8.17E-04,0.041518861,2.75E-05,0.191187506,0.058433439,0.001216741,3.47E-05,0.0283499,1.76E-05,0.034301602,1.11E-04,0.068985222,1.17E-05
RepSusanDavis,2.78E-05,0.276706864,0.027370374,0.028966765,3.34E-04,0.348531813,0.091492731,7.30E-04,2.97E-05,0.001586021,1.50E-05,0.055984284,0.168191059,2.43E-05,9.96E-06
RepSusanWild,2.88E-05,0.19145006,0.214869037,0.008462975,0.002588944,0.453231791,0.076940575,4.34E-04,3.07E-05,3.65E-05,0.00129786,0.035748768,0.014524432,3.46E-04,1.03E-05
RepSusieLee,0.002655414,0.42348522,0.074237112,0.001046059,0.005701626,0.275051137,0.055815543,0.001461856,4.17E-05,4.97E-05,2.11E-05,0.016357256,0.005366291,3.42E-05,0.138675802
RepSwalwell,0.122826586,0.104078232,0.109529389,0.044855177,3.17E-05,0.171565764,0.340386608,0.022700338,0.001292889,0.001300514,2.02E-05,0.001467165,0.079899267,3.27E-05,1.34E-05
RepSylviaGarcia,3.57E-05,0.195358541,0.25463907,0.02123769,3.02E-05,0.248091361,0.075965789,0.005310537,3.80E-05,4.53E-05,1.93E-05,2.04E-04,0.119834877,3.12E-05,0.079158482
RepTedBudd,0.002839363,0.405828735,7.86E-05,0.057600387,2.37E-05,0.114885429,0.121200306,0.226264741,6.55E-04,0.069381327,1.51E-05,0.001097321,9.58E-05,2.45E-05,1.00E-05
RepTedDeutch,0.008836458,0.136369143,0.255428793,0.04698223,2.67E-05,0.158412483,0.272247047,4.76E-04,3.37E-05,0.00320985,1.71E-05,0.004054769,0.103300691,2.76E-05,0.010577106
RepTedLieu,0.026175206,0.206211055,0.137848963,0.045720078,0.066393768,0.196017395,0.101230024,4.53E-04,3.21E-05,3.82E-05,1.62E-05,0.012238896,0.206582149,2.63E-05,0.001016341
RepTedYoho,3.41E-05,0.316042934,0.003888579,0.276290734,0.014063318,0.101196147,0.075484887,0.110134309,7.95E-04,0.028112313,1.84E-05,0.029022291,4.96E-04,0.044409287,1.22E-05
RepTerriSewell,3.19E-04,0.234569822,0.171560149,0.021516111,2.22E-05,0.386295327,0.059215436,1.03E-04,2.80E-05,3.34E-05,0.087369666,0.003668022,0.035266623,2.30E-05,9.41E-06
RepThomasMassie,0.378970429,0.098920696,5.55E-04,0.034302741,3.36E-05,0.048657542,0.347909092,0.04935075,4.24E-05,5.05E-05,2.15E-05,0.019284647,0.019636487,0.002250718,1.42E-05
RepThompson,3.04E-05,0.267288979,0.505776323,1.35E-04,0.022688731,0.106478754,0.028414959,4.58E-04,3.23E-05,3.85E-05,1.64E-05,0.065456705,0.003148065,2.65E-05,1.09E-05
RepTimBurchett,0.080077587,0.420009774,1.92E-04,0.008685931,8.20E-04,0.200242693,0.057152875,0.131331271,0.080844026,8.68E-05,3.69E-05,0.019440632,9.96E-04,5.97E-05,2.45E-05
reptimmons,2.02E-04,0.671092418,5.66E-04,8.98E-04,1.71E-04,0.089543059,0.024765532,0.176330842,2.15E-04,0.034013498,1.09E-04,0.001154287,6.90E-04,1.76E-04,7.22E-05
RepTimRyan,3.04E-05,0.149677503,0.017347863,0.030937089,2.57E-05,0.469744138,0.162473848,0.014674142,3.24E-05,3.85E-05,1.64E-05,0.01202055,0.106049323,0.036921292,1.09E-05
RepTipton,3.05E-05,0.474017649,8.55E-05,0.029014215,2.58E-05,0.134808458,0.017328745,0.052441118,3.25E-05,0.02721861,0.003753709,0.261101466,1.04E-04,2.66E-05,1.09E-05
RepTjCox,3.62E-05,0.23007233,0.105413558,1.61E-04,0.092027299,0.318675143,0.070613344,1.42E-04,8.46E-04,4.60E-05,1.96E-05,0.036117949,0.119961597,0.013750444,0.012117782
RepTomEmmer,3.29E-05,0.577401978,9.23E-05,0.015918346,2.78E-05,0.120596574,0.036313961,0.033874066,0.097968223,0.025350338,1.78E-05,0.066944057,4.79E-04,0.024970534,1.18E-05
RepTomGraves,0.001284017,0.412741216,5.20E-04,0.009723848,0.003771614,0.119595433,0.094335649,0.154321941,3.97E-05,0.179156793,2.01E-05,0.009355626,0.00428316,0.010837331,1.33E-05
RepTomReed,0.065552714,0.196187811,1.11E-04,0.031832827,3.33E-05,0.298453858,0.207094171,0.190539106,4.20E-05,5.01E-05,2.13E-05,0.00110489,0.00892861,3.45E-05,1.41E-05
RepTomRice,3.09E-05,0.307909191,8.66E-05,0.007360304,2.61E-05,0.20423702,0.119010301,0.260151904,3.29E-05,0.086028141,1.67E-05,0.01496652,1.06E-04,2.70E-05,1.10E-05
RepTomSuozzi,3.08E-05,0.429616124,0.040848706,0.06761745,0.017495617,0.125640458,0.155515649,1.21E-04,3.28E-05,0.001409179,0.132580377,0.023126009,0.0059283,2.69E-05,1.10E-05
RepTorresSmall,7.19E-05,0.283507247,0.068236826,0.001920182,6.07E-05,0.319997231,0.054431964,0.14755881,7.65E-05,9.12E-05,3.88E-05,0.024423032,0.099497191,6.28E-05,2.57E-05
RepTrentKelly,8.63E-04,0.649039118,1.04E-04,0.028649447,3.13E-05,0.044910291,0.008671149,0.06248171,0.008295924,0.156093852,0.007450815,0.013422054,0.001365113,0.018609373,1.33E-05
RepTrey,3.38E-05,0.516585929,9.48E-05,0.008061854,2.86E-05,0.140821096,0.04332683,0.028388328,3.60E-05,0.018126431,1.83E-05,0.036737024,1.16E-04,0.207613344,1.21E-05
RepUnderwood,4.92E-05,0.285847358,0.207448777,0.003509463,4.16E-05,0.341014368,0.083913996,0.005677763,5.24E-05,0.00499843,2.66E-05,0.026606475,0.028687192,4.30E-05,0.012083311
RepValDemings,0.029569458,0.150308944,0.298740773,0.031505457,0.003309506,0.177507791,0.234107477,1.29E-04,3.49E-05,4.15E-05,1.77E-05,5.52E-04,0.074135981,2.86E-05,1.17E-05
RepVanTaylor,1.06E-04,0.553853285,2.98E-04,0.106936791,8.97E-05,0.187837574,0.027213066,0.122260118,1.13E-04,1.35E-04,5.73E-05,6.07E-04,3.63E-04,9.28E-05,3.80E-05
RepVeasey,2.82E-05,0.160585463,0.144895065,0.052585797,2.38E-05,0.338256411,0.154555613,0.005765169,3.00E-05,3.58E-05,1.52E-05,0.018066789,0.11067172,2.46E-05,0.014460272
RepVisclosky,3.01E-05,0.562605896,8.45E-05,0.030341849,2.54E-05,0.14459143,0.029538176,4.54E-04,3.21E-05,0.022526354,3.52E-04,0.071328623,0.020577236,0.117501619,1.08E-05
RepWalberg,3.52E-05,0.624503259,0.001272987,1.56E-04,8.13E-04,0.140853241,3.93E-04,0.086265617,3.74E-05,4.46E-05,1.90E-05,0.041307151,1.20E-04,0.104166792,1.26E-05
RepWalorski,3.00E-05,0.361470312,8.42E-05,0.064717654,2.54E-05,0.290725159,0.023760458,0.113558515,3.67E-04,3.81E-05,1.62E-05,0.037315883,0.002779722,0.105100957,1.07E-05
RepWebster,3.96E-05,0.421911809,0.003640945,0.03768129,0.038421178,0.156104963,0.048979448,0.167826067,4.22E-05,0.037555496,2.14E-05,0.087591474,1.35E-04,3.46E-05,1.42E-05
RepWesterman,0.00204126,0.328891949,0.004441871,0.005832028,2.54E-05,0.203391657,0.085140726,0.21028462,3.21E-05,3.82E-05,0.002362605,0.078607248,0.004125155,0.074774476,1.08E-05
RepWexton,2.79E-05,0.19501133,0.188508458,0.008195006,2.35E-05,0.373380278,0.106478524,0.003524159,2.97E-05,3.54E-05,0.055271392,0.011334661,0.058145436,2.43E-05,9.97E-06
RepWilson,3.78E-05,0.120167578,0.310637607,0.006066944,3.19E-05,0.377015004,0.097754057,0.014895634,4.03E-05,4.80E-05,2.04E-05,2.16E-04,0.073022018,3.30E-05,1.35E-05
RepYvetteClarke,3.33E-05,0.170801766,0.269175033,0.013880522,2.81E-05,0.2508169,0.119882197,1.31E-04,3.55E-05,4.23E-05,0.009296669,0.02357263,0.142263192,2.91E-05,1.19E-05
RepZoeLofgren,3.49E-05,0.142415357,0.077489133,0.076768626,0.007418603,0.169478479,0.126005639,0.035527081,3.72E-05,8.22E-04,1.89E-05,0.032089338,0.331851711,3.05E-05,1.25E-05
Rep_Hunter,0.17433231,0.43690666,9.10E-05,0.040283867,0.022086112,0.100091656,0.040502855,0.098849181,3.46E-05,0.004742216,1.75E-05,0.081911127,1.11E-04,2.84E-05,1.16E-05
rep_stevewomack,3.03E-05,0.541318856,8.49E-05,0.004855744,3.63E-04,0.073781662,0.071831177,0.177501007,3.22E-05,0.00745743,3.54E-04,0.012987644,1.03E-04,0.108613973,6.85E-04
Rep_Watkins,6.96E-04,0.506400139,1.61E-04,0.046859894,6.87E-04,0.113504943,0.109812363,0.110672957,6.11E-05,7.27E-05,3.09E-05,0.006073297,0.004026419,0.094537262,0.006404765
Robert_Aderholt,3.03E-05,0.480416116,4.23E-04,0.077490501,2.56E-05,0.103294699,0.080735245,0.120037357,3.23E-05,0.009159015,0.098991171,0.015711964,0.013615547,2.65E-05,1.08E-05
RobWittman,3.23E-05,0.319916362,0.007294346,0.071460372,2.73E-05,0.24917194,0.070597936,0.11466587,3.44E-05,4.01E-04,0.085021164,0.081226407,1.10E-04,2.82E-05,1.16E-05
RodneyDavis,3.52E-05,0.382620892,9.86E-05,9.40E-04,0.002381415,0.166887525,0.119154408,0.236091728,3.75E-05,4.46E-05,1.90E-05,0.078198967,1.20E-04,0.013357012,1.26E-05
RonWyden,2.82E-05,0.145015401,3.94E-04,0.026223211,0.03712668,0.320652928,0.166335345,7.40E-04,0.074235746,3.58E-05,1.52E-05,0.087573046,0.141590338,2.47E-05,1.01E-05
rosadelauro,3.24E-05,0.090936849,0.1179987,1.44E-04,2.73E-05,0.489584293,0.118270178,0.006617466,3.45E-05,4.11E-05,1.75E-05,0.037684721,0.138571341,2.83E-05,1.16E-05
RoyBlunt,3.32E-05,0.427479723,9.31E-05,0.010508995,2.81E-05,0.145720754,0.066980435,0.09597298,0.074415104,4.21E-05,1.79E-05,0.140438121,1.14E-04,0.038143994,1.19E-05
SanfordBishop,2.77E-05,0.383117126,0.017965877,0.026647027,0.001873895,0.244818886,0.038553694,1.09E-04,0.00249684,0.188478712,1.50E-05,0.080963787,0.012122931,0.002799947,9.90E-06
SenAlexander,3.14E-05,0.279504005,8.80E-05,4.89E-04,2.65E-05,0.201720146,0.087434062,0.044888721,0.253937335,3.98E-05,1.70E-05,0.131677813,1.07E-04,2.74E-05,1.12E-05
SenAmyKlobuchar,2.35E-05,0.241463576,5.89E-04,0.02312082,1.98E-05,0.184861049,0.09259016,3.54E-04,0.285899991,2.98E-05,1.27E-05,0.167003535,0.0040035,2.05E-05,8.40E-06
SenAngusKing,2.53E-05,0.285380252,3.53E-04,0.040953425,2.14E-05,0.334273676,0.081965041,0.00376091,0.123676729,3.21E-05,1.37E-05,0.129427508,8.64E-05,2.21E-05,9.04E-06
senatemajldr,2.90E-05,0.193518093,8.13E-05,0.165161896,2.45E-05,0.236985002,0.130477692,0.15125958,0.073665979,6.83E-04,1.57E-05,0.044088337,9.91E-05,0.003900854,1.04E-05
SenatorBaldwin,2.54E-05,0.15371354,0.006567615,0.005761854,2.14E-05,0.557229829,0.049996349,9.96E-05,0.06583972,3.22E-05,1.37E-05,0.091378801,0.069288857,2.21E-05,9.07E-06
SenatorBennet,2.83E-05,0.098159419,0.012065437,0.027252192,2.39E-05,0.363615549,0.110083932,0.013674374,0.011385378,0.001613035,1.53E-05,0.233259101,0.118064826,0.010749101,1.01E-05
SenatorBraun,0.017117556,0.298906626,1.19E-04,0.002086456,3.60E-05,0.215708257,0.120949841,0.159059266,0.025657808,5.40E-05,2.30E-05,0.012575194,0.001094117,0.14659732,1.52E-05
SenatorBurr,3.19E-05,0.256786184,0.002574842,0.100271278,2.69E-05,0.119583315,0.095870396,0.028530743,0.00393972,0.261016556,1.72E-05,0.125876738,0.005434972,2.78E-05,1.14E-05
SenatorCantwell,2.85E-05,0.09710299,0.00769076,1.27E-04,2.40E-05,0.164836915,0.025054169,1.12E-04,0.005104296,3.61E-05,1.54E-05,0.67690334,0.021661658,0.001293357,1.02E-05
SenatorCardin,0.010485662,0.106915783,0.021975154,0.047510577,0.002638856,0.434848491,0.177105435,0.037039084,0.01408193,3.72E-05,1.58E-05,0.027942202,0.118714141,6.79E-04,1.05E-05
SenatorCarper,3.18E-04,0.153237846,0.004158214,0.024916915,2.21E-05,0.310674001,0.133048741,0.005354734,0.081723681,3.32E-05,1.41E-05,0.12706988,0.157353885,0.002065271,9.37E-06
SenatorCollins,2.52E-05,0.325885608,6.31E-04,0.074354996,2.12E-05,0.247044564,0.077046124,6.59E-04,0.114613493,0.007316147,1.36E-05,0.145548337,0.006809863,2.20E-05,8.99E-06
SenatorDurbin,3.14E-04,0.21716371,0.016506887,0.053454524,2.19E-05,0.282205812,0.135800771,0.007021365,0.062593352,3.28E-05,1.40E-05,0.088374281,0.136464552,2.26E-05,9.26E-06
SenatorEnzi,0.001323836,0.403062075,4.05E-04,0.04576982,2.45E-05,0.16210157,0.075421879,0.006587971,0.006504809,3.69E-05,1.57E-05,0.151654219,4.23E-04,0.146658184,1.04E-05
SenatorFischer,3.13E-05,0.452851145,8.76E-05,0.119511727,2.64E-05,0.115470955,0.028887732,0.031096998,0.007689851,3.96E-05,0.134702882,0.083008661,0.007415311,0.01916871,1.12E-05
SenatorHassan,2.69E-05,0.164360483,3.75E-04,0.004916719,2.27E-05,0.427777768,0.080952399,0.004003343,0.02911108,3.41E-05,3.14E-04,0.227716128,0.060355526,2.35E-05,9.62E-06
SenatorIsakson,2.90E-05,0.517592354,8.12E-05,0.027553838,2.45E-05,0.13867052,0.006454436,0.023667077,0.029391853,0.162328857,1.56E-05,0.094056154,9.90E-05,2.53E-05,1.04E-05
SenatorLankford,2.99E-05,0.32604314,0.001414225,0.096595211,2.52E-05,0.247738458,0.074177851,0.126183775,0.032629481,3.79E-05,1.61E-05,0.024452547,0.002430449,0.068215089,1.07E-05
SenatorLeahy,0.002452249,0.167596085,0.052449986,0.0460664,3.05E-05,0.1336052,0.144967325,0.005779511,0.265405893,4.59E-05,1.95E-05,0.09282338,0.075827736,3.16E-05,0.012898748
SenatorMenendez,3.03E-05,0.103736375,0.017644541,0.095699263,0.003402443,0.233268107,0.158712956,4.57E-04,0.054399395,3.85E-05,1.64E-05,0.040357581,0.126735045,2.65E-05,0.165475935
SenatorRisch,3.89E-05,0.336836543,1.09E-04,0.16616423,3.29E-05,0.106957533,0.032506801,0.030057234,0.006542411,4.94E-05,2.10E-05,0.063931753,1.33E-04,0.256605412,1.39E-05
SenatorRomney,0.163810623,0.384194691,0.001212947,0.102027643,4.08E-05,0.175499496,0.030169185,0.024969729,0.006515814,6.13E-05,2.61E-05,0.108553314,0.002858718,4.22E-05,1.73E-05
SenatorRounds,0.002178559,0.406286915,7.73E-05,0.032387109,2.33E-05,0.181538092,0.041791624,0.052653392,0.018466249,6.50E-04,1.49E-05,0.099409388,0.001016111,0.163497616,9.86E-06
SenatorShaheen,2.69E-05,0.12984241,3.75E-04,0.045078902,2.27E-05,0.353916271,0.074633831,0.006100244,2.87E-05,3.41E-05,0.001213445,0.307975187,0.080718992,2.35E-05,9.62E-06
SenatorSinema,0.001287226,0.405857405,1.05E-04,9.99E-04,3.16E-05,0.286953373,0.021665408,0.001813297,0.006705535,0.140860265,2.02E-05,0.133110985,1.28E-04,3.27E-05,4.30E-04
SenatorTester,3.21E-05,0.198331666,8.99E-05,5.00E-04,2.71E-05,0.259627599,0.113956667,0.008699359,0.268667985,0.001826812,1.73E-05,0.147360265,1.10E-04,7.42E-04,1.15E-05
SenatorTimScott,3.31E-05,0.465918456,4.61E-04,0.042161532,2.79E-05,0.167979983,0.051229872,0.091898421,0.024359422,0.133087856,3.86E-04,0.019353535,0.001587256,0.00150309,1.18E-05
SenatorTomUdall,2.31E-05,0.076095146,0.003158172,0.0047428,1.95E-05,0.42295451,0.100791264,9.09E-05,0.032762097,2.94E-05,1.25E-05,0.173357126,0.1856772,2.78E-04,8.28E-06
SenatorWicker,3.23E-05,0.340072169,0.009435067,0.054773482,2.73E-05,0.079712637,0.05067823,0.25171263,0.035975216,4.09E-05,0.002173874,0.159042882,1.10E-04,0.016201561,1.15E-05
SenBillCassidy,3.69E-05,0.126963157,0.006673232,0.032192083,0.009475363,0.195778223,0.16219624,0.336441442,0.079699287,0.003331713,1.99E-05,0.021973398,0.014497623,3.22E-05,0.010689267
SenBlumenthal,0.032433208,0.060401944,0.055666999,0.037548435,2.12E-05,0.218136953,0.228255029,9.37E-04,0.051991464,0.00198748,2.93E-04,0.059092553,0.253204317,2.19E-05,8.97E-06
SenBobCasey,3.34E-05,0.163993434,0.051387988,0.046610662,2.82E-05,0.330361679,0.120060437,0.016114094,0.011186512,0.024946157,1.80E-05,0.059662471,0.173697416,0.001887638,1.19E-05
SenBooker,3.09E-05,0.099712995,0.027230974,1.37E-04,0.013082903,0.402628058,0.127477658,0.002182744,0.170802718,0.001413537,1.67E-05,0.019761511,0.135484333,2.69E-05,1.10E-05
SenCapito,7.48E-04,0.440761034,9.01E-05,5.01E-04,2.71E-05,0.147775423,0.056922539,0.120411903,0.007194097,0.011138558,0.105983323,0.108297544,1.10E-04,2.81E-05,1.15E-05
SenCortezMasto,2.51E-05,0.217972469,9.08E-04,0.003464031,2.12E-05,0.334638564,0.052524781,9.85E-05,0.040536869,3.18E-05,1.35E-05,0.176711685,0.060152486,2.19E-05,0.112878635
SenCoryGardner,2.81E-05,0.278088541,0.001332661,0.209506497,2.38E-05,0.196777312,0.058615693,0.0070063,3.00E-05,3.57E-05,1.52E-05,0.241513625,0.006991955,2.46E-05,1.01E-05
SenDanSullivan,3.29E-04,0.359756315,3.78E-04,0.144301247,2.29E-05,0.111472023,0.085542517,0.014313042,0.010910464,0.004870672,1.47E-05,0.254662595,0.013090146,3.26E-04,9.70E-06
sendavidperdue,0.014750053,0.340852247,9.75E-05,0.044687588,2.94E-05,0.175339706,0.084033762,0.179043356,0.003134986,0.142549978,1.88E-05,0.011041459,0.004378486,3.04E-05,1.24E-05
SenDougJones,3.07E-05,0.342141652,0.004875111,0.023739541,2.59E-05,0.223643596,0.090308922,0.001146817,0.059553475,0.076321314,0.139240436,0.034040713,0.004893968,2.68E-05,1.10E-05
SenDuckworth,2.65E-05,0.239466731,0.010419158,0.061299895,0.006229277,0.353433299,0.112020511,1.04E-04,0.028402512,3.37E-05,1.43E-05,0.105372765,0.08255333,6.14E-04,9.49E-06
SenFeinstein,2.23E-05,0.081264596,0.024402166,0.022451845,0.009208297,0.263709941,0.217567929,0.002819563,0.077016568,2.83E-05,1.20E-05,0.127538081,0.173682577,2.68E-04,7.97E-06
SenGaryPeters,2.82E-05,0.253016702,0.001648173,0.002635925,0.004417539,0.409179334,0.053981695,1.11E-04,3.00E-05,3.50E-04,1.52E-05,0.230518615,0.022064992,0.02199332,1.01E-05
SenHawleyPress,0.089494293,0.232272564,2.39E-04,0.010842233,7.21E-05,0.135814405,0.122703761,0.15537414,0.252147923,1.08E-04,4.61E-05,4.88E-04,2.92E-04,7.46E-05,3.05E-05
SenHydeSmith,3.20E-05,0.476693843,8.96E-05,0.024702863,2.70E-05,0.132695632,0.046631631,0.154609644,0.005729308,0.044178868,1.73E-05,0.08347587,1.09E-04,0.030995931,1.14E-05
SenJackReed,2.63E-05,0.259269509,0.011509569,0.055243303,2.22E-05,0.266772771,0.104975909,0.007727227,0.122596119,0.010882722,1.42E-05,0.053517359,0.10741033,2.30E-05,9.41E-06
SenJackyRosen,2.45E-05,0.315641678,0.00933453,6.54E-04,2.07E-05,0.360224169,0.036247447,9.61E-05,0.001661229,3.10E-05,1.32E-05,0.105063007,0.023521002,2.14E-05,0.14744632
SenJeffMerkley,3.07E-05,0.081028817,8.60E-05,0.099543619,0.00514999,0.258865021,0.210772415,0.006610945,0.008914422,3.81E-04,1.66E-05,0.019305144,0.309258165,2.68E-05,1.10E-05
SenJohnBarrasso,3.03E-05,0.284446769,8.49E-05,0.013290935,2.56E-05,0.182768058,0.032723723,0.126622225,0.024995577,3.84E-05,1.64E-05,0.169181428,1.03E-04,0.165661432,1.08E-05
SenJohnHoeven,2.70E-05,0.412896573,9.78E-04,0.005235374,2.28E-05,0.102844558,0.009028408,0.04855118,0.032827009,6.36E-04,3.15E-04,0.149702246,9.23E-05,0.236832862,9.66E-06
SenJohnKennedy,0.024087215,0.321276633,8.53E-05,0.070950244,0.005446939,0.179507171,0.149424707,0.203416274,0.037642314,0.002749212,1.64E-05,0.003562068,0.001798086,2.66E-05,1.09E-05
SenJohnThune,8.14E-04,0.412954924,9.80E-05,0.017683208,2.95E-05,0.135855444,0.080240164,0.062847905,0.026523707,4.34E-04,1.89E-05,0.079659156,0.003235547,0.179593149,1.25E-05
SenJoniErnst,2.58E-05,0.334027849,7.23E-05,0.042938765,2.18E-05,0.230154629,0.077314608,0.100982248,0.137984301,3.27E-05,1.39E-05,0.060503522,8.82E-05,0.015830087,9.23E-06
SenKamalaHarris,2.47E-05,0.110239388,0.038812334,0.001208726,0.014583876,0.409905223,0.134365918,9.69E-05,0.047837017,0.010472719,1.33E-05,0.064163361,0.168246209,2.15E-05,8.82E-06
SenKevinCramer,3.07E-05,0.27441113,4.28E-04,0.07983957,2.59E-05,0.184647234,0.11049125,0.141738963,0.03458212,3.90E-05,1.66E-05,0.042250474,1.05E-04,0.131382987,1.10E-05
SenMarkey,0.010090352,0.069891809,7.67E-05,0.088553832,2.31E-05,0.178019574,0.176560787,1.08E-04,0.023509426,3.47E-05,1.48E-05,0.128535518,0.324548126,2.39E-05,9.79E-06
SenMcSallyAZ,2.86E-05,0.460375266,3.98E-04,0.07366228,2.41E-05,0.142546509,0.034063243,0.068872482,0.018493844,0.134691752,1.54E-05,0.066376854,4.16E-04,2.50E-05,1.02E-05
SenMikeLee,0.145051123,0.272807702,1.04E-04,0.085442564,3.12E-05,0.128860062,0.205575887,0.049581875,0.056891528,4.59E-04,2.00E-05,0.031109201,0.023608787,4.44E-04,1.32E-05
SenPatRoberts,3.83E-05,0.357266224,1.07E-04,0.014679405,3.24E-05,0.127078103,0.040115463,0.030448955,0.043568244,0.005169474,2.07E-05,0.050147406,1.31E-04,0.331183359,1.37E-05
SenRickScott,0.014027097,0.241573866,3.65E-04,0.062537081,0.007897626,0.154531621,0.107341606,0.048230946,2.79E-05,9.08E-04,1.41E-05,4.41E-04,0.003298024,2.29E-05,0.358782571
senrobportman,2.41E-05,0.264639986,6.75E-05,0.098221082,2.03E-05,0.147650617,0.034046287,0.007868578,2.56E-05,3.05E-05,1.30E-05,0.341660441,8.22E-05,0.105641145,8.61E-06
SenRonJohnson,3.56E-05,0.29758147,4.96E-04,0.107908577,3.00E-05,0.2645388,0.114090596,0.149485056,0.028163939,0.002421965,0.003584479,0.03070609,9.14E-04,3.11E-05,1.27E-05
SenSanders,2.57E-05,0.027251689,9.31E-04,0.053071979,2.17E-05,0.413010026,0.225286512,0.01126499,0.00718383,3.26E-05,1.39E-05,0.02304748,0.234819547,2.24E-05,0.004016804
SenSasse,4.25E-05,0.206695454,5.93E-04,0.286397555,3.59E-05,0.125471354,0.21086769,0.06792834,0.030845898,5.28E-04,0.054042456,0.009246291,0.007253197,3.72E-05,1.52E-05
SenSchumer,2.61E-05,0.063497519,0.028591868,0.075486782,0.004969175,0.264463317,0.177224269,0.011742853,0.041350748,3.31E-05,0.013400405,0.040017146,0.219217151,2.28E-05,0.059956676
SenShelby,2.62E-05,0.537678645,7.35E-05,0.043044371,2.21E-05,0.0954308,0.023071404,0.08449854,0.020177738,0.034200329,0.111568186,0.049794245,8.96E-05,3.15E-04,9.37E-06
SenSherrodBrown,2.63E-05,0.103010754,0.024711943,0.012729401,2.22E-05,0.470995525,0.17070838,3.97E-04,0.113246123,0.001499959,1.42E-05,0.010416329,0.056405708,0.035806949,9.42E-06
SenStabenow,3.58E-05,0.246352711,8.99E-04,0.012532773,3.03E-05,0.423010189,0.07544039,0.002934739,0.057116032,4.55E-05,1.93E-05,0.062072337,0.040037039,0.079461327,1.28E-05
SenTedCruz,3.31E-05,0.184279752,9.27E-05,0.333191776,2.79E-05,0.136234633,0.070368442,0.151178957,0.010350778,4.20E-05,1.79E-05,0.075713498,0.003797146,2.89E-05,0.03464259
SenThomTillis,3.26E-05,0.36716514,0.00118184,0.107365118,2.76E-05,0.168567607,0.05342998,0.045196926,0.024022984,0.154874495,0.001107994,0.075422223,0.001565334,2.85E-05,1.17E-05
SenTinaSmith,2.54E-05,0.114678625,3.54E-04,1.13E-04,2.15E-05,0.481352993,0.149151544,9.98E-05,0.155120688,5.98E-04,1.37E-05,0.032692181,0.065746899,2.22E-05,9.09E-06
SenToddYoung,3.71E-04,0.423919461,8.57E-05,0.043031642,2.58E-05,0.163681034,0.022470786,0.0688895,0.017395147,3.88E-05,1.65E-05,0.100945731,0.005891972,0.153226024,1.09E-05
SenTomCotton,2.89E-05,0.295134177,4.03E-04,0.213055568,2.44E-05,0.178068997,0.104693283,0.041668163,0.021613425,3.67E-05,1.56E-05,0.052027937,0.007829911,0.082168066,0.003231628
SenToomey,2.73E-05,0.336200404,6.86E-04,0.226954819,3.28E-04,0.177748562,0.122400048,0.072267746,0.007945448,0.040834229,3.19E-04,0.012944087,0.001311304,2.39E-05,9.77E-06
SenWarren,2.37E-05,0.061935473,0.021223019,0.032104669,0.001342331,0.464592961,0.146509741,0.001679968,0.035726828,3.01E-05,1.28E-05,0.037952826,0.196836276,2.07E-05,8.49E-06
SenWhitehouse,3.42E-05,0.121676376,9.59E-05,0.045132748,2.89E-05,0.124950339,0.299618679,0.011570149,0.117062409,4.34E-05,0.004211592,0.056611938,0.218921173,2.99E-05,1.22E-05
Sen_JoeManchin,3.16E-04,0.367556859,7.29E-05,4.05E-04,2.20E-05,0.251507388,0.046663258,0.021549279,0.011041092,3.30E-05,0.108408862,0.187955707,0.003856647,6.02E-04,9.30E-06
sethmoulton,0.005193432,0.131687885,0.024001528,0.116795382,3.55E-05,0.363775754,0.222916447,0.005316482,4.48E-05,5.33E-05,4.91E-04,2.40E-04,0.129396505,3.67E-05,1.50E-05
SpeakerPelosi,3.16E-05,0.156872303,0.243026259,0.041977602,2.67E-05,0.294193236,0.084730988,0.00539756,3.36E-05,4.00E-05,1.70E-05,0.011079126,0.15550366,2.76E-05,0.00704277
SteveDaines,4.02E-05,0.341728703,5.60E-04,0.011820352,3.40E-05,0.194232205,0.049703169,0.13941057,0.184071325,5.10E-05,2.17E-05,0.075005231,1.37E-04,0.003169413,1.44E-05
SteveKingIA,0.0607656,0.187429196,0.001290672,0.188699087,3.01E-05,0.039211876,0.271897375,0.121202925,0.084186659,4.52E-05,0.003988521,0.002982082,0.019571234,0.01868673,1.27E-05
SteveScalise,0.026188836,0.087263943,0.036575861,1.29E-04,2.45E-05,0.164641751,0.197330607,0.479064937,3.09E-05,6.83E-04,1.57E-05,0.007916712,9.91E-05,2.53E-05,1.04E-05
SusanWBrooks,3.56E-04,0.477632367,8.22E-05,1.30E-04,0.11859992,0.171423878,0.064025537,0.06119933,0.005584344,3.72E-05,1.58E-05,0.036752714,0.004673357,0.059476515,1.05E-05
timkaine,0.001034292,0.098481836,0.001423219,0.121645948,2.54E-05,0.291157223,0.266123705,0.004134952,3.20E-05,0.006063531,0.094414284,0.002180162,0.113246463,2.62E-05,1.07E-05
TomColeOK04,0.001170664,0.469509479,9.53E-05,0.01416977,2.87E-05,0.106764341,0.054560621,0.13312088,3.62E-05,4.31E-05,1.84E-05,0.068392949,0.003526164,0.148551143,1.22E-05
TulsiPress,2.47E-05,0.169818764,6.91E-05,0.119054217,2.08E-05,0.37325767,0.095871163,9.68E-05,2.63E-05,0.024479485,0.072533823,0.102878279,0.041838503,2.15E-05,8.82E-06
TXRandy14,0.008105306,0.327737646,9.23E-05,0.199386886,2.78E-05,0.087617538,0.146404905,0.15864113,3.51E-05,0.046641313,1.78E-05,0.014131364,0.004148745,0.007000352,1.18E-05
USRepGaryPalmer,0.0070454,0.594893677,3.99E-04,0.042546763,0.002575733,0.116346969,0.071763784,0.046678222,0.001944163,0.006415197,0.106861599,0.002396194,9.78E-05,2.50E-05,1.02E-05
USRepKCastor,7.15E-04,0.144373871,0.120454698,1.36E-04,0.13749239,0.290932525,0.081045218,8.04E-04,3.27E-05,3.89E-05,1.66E-05,0.07198623,0.133467891,2.68E-05,0.018476622
USRepKeating,3.20E-05,0.26045907,0.020037281,0.219566159,2.70E-05,0.212580726,0.17169381,0.001550412,3.41E-05,7.53E-04,0.00464797,0.020130341,0.088448826,2.79E-05,1.14E-05
USRepLong,4.84E-05,0.320801893,0.003369529,0.028781086,4.09E-05,0.120617926,0.08623957,0.395263798,0.019454893,6.14E-05,0.004876966,0.004588303,0.001243313,0.014594773,1.73E-05
USRepMikeDoyle,2.86E-05,0.164852419,0.053309855,1.27E-04,2.42E-05,0.427363405,0.068849373,0.002662294,3.05E-05,0.019798203,1.55E-05,0.157621229,0.105282107,2.50E-05,1.02E-05
VernBuchanan,2.70E-05,0.233138529,3.76E-04,0.082117833,0.222288405,0.166335316,0.131258234,0.031643582,2.87E-05,3.35E-04,1.46E-05,0.096569283,0.035834861,2.36E-05,9.64E-06
virginiafoxx,0.004157668,0.447281858,0.010561614,0.048088362,2.41E-05,0.139688559,0.087348797,0.124939283,3.04E-05,0.075948961,1.54E-05,0.061782498,9.74E-05,2.49E-05,1.02E-05
WarrenDavidson,0.130061404,0.137201684,9.40E-05,0.095054463,2.83E-05,0.140784455,0.270893064,0.207877378,4.09E-04,4.26E-05,1.81E-05,0.00205986,0.015434,2.93E-05,1.20E-05
WhipClyburn,3.44E-05,0.116535989,0.318444564,0.006665382,2.90E-05,0.30485894,0.141745209,0.001284329,4.20E-04,4.36E-05,1.86E-05,0.031226816,0.077884885,7.96E-04,1.23E-05
